,Epoch,Train Loss,Val Loss,Train Frame Loss,Train Murmur Loss,Val Frame Loss,Val Murmur Loss
0,1,4.610569469717018,4.823139179359048,2.313863753384802,2.2967057454276993,2.4165092731936504,2.4066298781815223
1,2,4.5838279170485015,4.792669928477983,2.2931603126873052,2.2906676023557444,2.3933098507129538,2.3993601471690806
2,3,4.552690353172626,4.756526106090869,2.2691528730082102,2.283537416746126,2.3653343687623236,2.391191639637543
3,4,4.515281703612848,4.710970372466718,2.2393932376063073,2.27588845943129,2.329338534807755,2.3816317500704427
4,5,4.466046080691869,4.651031646688105,2.200050476763831,2.2659955749311833,2.2814194903535356,2.3696121808836015
5,6,4.401953057958747,4.5721930063377,2.1481812651881973,2.253771792639045,2.218255031715005,2.353938026347403
6,7,4.319237137919162,4.4714861956693355,2.08126856461455,2.2379685640992606,2.1388008372258334,2.332685358241453
7,8,4.2172766877220145,4.353454688848076,2.0010236467831186,2.216253049223711,2.0485892475661585,2.304865518262831
8,9,4.102630977070404,4.228228742793455,1.9147926438466265,2.1878383214869555,1.9579722439838667,2.2702565760935767
9,10,3.987510419588883,4.104996473506346,1.832625474971891,2.154884968353646,1.8757758557796478,2.2292206460136477
10,11,3.878529719470025,3.9925741036059494,1.7610337667812384,2.1174959288206274,1.8074764653787774,2.1850975855932395
11,12,3.782318519875284,3.8930789777788064,1.7024756901611364,2.079842822629315,1.7519299035355196,2.141148955337072
12,13,3.695744261581202,3.8063686475915426,1.6552694946511044,2.0404747682122717,1.7071328963768684,2.0992357528815835
13,14,3.6204629265926718,3.730889987743507,1.6163248984575667,2.0041380202119283,1.6703195343583317,2.060570474398338
14,15,3.556857431980371,3.665191769195815,1.5840387582220035,1.9728186579613283,1.6392872145620443,2.0259045146279417
15,16,3.4992064306634734,3.608458517668611,1.5564565257314682,1.9427498999841293,1.6127558798608133,1.99570266907498
16,17,3.452148091674706,3.5572337635492874,1.532627355145014,1.9195207214066157,1.5894723811392057,1.9677613824100817
17,18,3.408925007997924,3.512352992013349,1.5118675948307123,1.8970574354573106,1.5688464944140386,1.9435064538050506
18,19,3.368976152837441,3.471317002328776,1.493250029986561,1.8757261160454959,1.5503921860860566,1.9209247657303083
19,20,3.3325922084130837,3.435102251929752,1.476153298349454,1.8564389267647654,1.5337038923623199,1.901398399775311
20,21,3.301045026656875,3.4017185586993977,1.460955735454228,1.8400892972518776,1.5183778711799847,1.883340654080197
21,22,3.27413006343042,3.3715066434973378,1.446910196075897,1.8272198528725339,1.5044188015541788,1.8670877896628137
22,23,3.249668737011461,3.3439063874341675,1.4340511312717505,1.8156175875262668,1.491572311470064,1.852334205528437
23,24,3.224286367698592,3.3186322772906998,1.4221288560834697,1.8021575128315432,1.4796862406750857,1.838945992821354
24,25,3.202678209730623,3.2953481708542776,1.4113331060184673,1.7913450942109188,1.4687152487241615,1.8266329432443036
25,26,3.1818523675910164,3.273737986108004,1.4010327139153247,1.7808196587386345,1.45856816470623,1.8151697776075137
26,27,3.1669238089397345,3.253636921462366,1.3916770262870746,1.7752467806472083,1.449117361994113,1.804519543809406
27,28,3.1469607860819777,3.2354125651262575,1.382895847282157,1.7640649350848043,1.4403384329908986,1.7950742055804043
28,29,3.1287120332128753,3.2184597776097768,1.3746565251769904,1.7540554988962869,1.4321585777957562,1.7863011786493204
29,30,3.118138526430198,3.202806278103489,1.3672461279406445,1.7508923982758582,1.4245245880494684,1.7782816951052618
30,31,3.1039144478315026,3.188110599477412,1.3599928356439976,1.7439216214750461,1.417435255444656,1.7706753300408185
31,32,3.085656194646123,3.173982625795623,1.3533723065521726,1.7322838867953385,1.4107662369639187,1.7632163837804633
32,33,3.0743541201700904,3.161087924140995,1.347104663455677,1.7272494632239113,1.404524108969559,1.7565638067863756
33,34,3.0662176754681103,3.1487862933490236,1.3412750994738334,1.7249425824215843,1.398687235228086,1.7500990266517058
34,35,3.0563596324307842,3.1375808484473473,1.335880777155965,1.7204788447708566,1.3931891066543127,1.7443917592703286
35,36,3.04550652443475,3.127159439507177,1.3307141169979635,1.7147924148175049,1.3880507819733376,1.739108696074809
36,37,3.037870003219737,3.117034363847668,1.3259018285131166,1.7119681654683938,1.383147989743847,1.7338863915811151
37,38,3.0279213864699424,3.107385212081974,1.3213433153841025,1.7065780604174963,1.3786378203812293,1.7287474057431949
38,39,3.0182971324436716,3.0983189996016227,1.3170508957343146,1.7012462344080193,1.3742881511227558,1.724030860803895
39,40,3.012846160316362,3.0900258056188035,1.3130437667634167,1.6998023990925937,1.370268940521499,1.719756844387216
40,41,3.0059715861848093,3.082430449784812,1.309193469514126,1.6967781026160855,1.3664012767500797,1.7160292078377837
41,42,2.999976307005759,3.074644393638029,1.3055655200607659,1.694410784528588,1.3627488270654518,1.711895536921792
42,43,2.9921522127352427,3.0675135169999073,1.3021523442902225,1.6899998864612065,1.3593150230787567,1.7081985080646256
43,44,2.9878300970519898,3.0607761748766493,1.2989106748851045,1.6889194166601131,1.356036766454325,1.7047394380731098
44,45,2.983217206635136,3.0545864830582827,1.2958745279827633,1.6873426762688444,1.352964765894211,1.7016217591398852
45,46,2.9777102926391565,3.048628000687745,1.2929831478586529,1.6847271495968745,1.3499898979724463,1.6986381413067801
46,47,2.970204353628406,3.042843783002789,1.290255907978462,1.6799484345213327,1.3472514201523893,1.6955923976534504
47,48,2.966613666168314,3.037409272133294,1.287672592636241,1.6789410591487126,1.3445889408810665,1.6928203312522274
48,49,2.9642838457968113,3.0321937085208246,1.2850699159925443,1.6792139239851704,1.342054824000698,1.6901389108370926
49,50,2.956641218639906,3.0273282267279544,1.2826978663055528,1.6739433727505058,1.3396633724539966,1.687664875085071
50,51,2.952869029677644,3.022596398046461,1.2804583231684785,1.6724106955613738,1.3373612589250177,1.6852351531133813
51,52,2.94738682438771,3.0181719109163447,1.2782259255039448,1.6691609062316073,1.335177679991318,1.6829942219338174
52,53,2.942951938327478,3.0139994196972606,1.2761877275966376,1.6667642067199377,1.3331391820463083,1.680860186734442
53,54,2.9406588000285976,3.009840504294735,1.2743155794188388,1.6663432249658618,1.3311437882609287,1.6786967249745028
54,55,2.9370836601754413,3.006075224835994,1.2724750484969165,1.6646086272618683,1.3292528049420502,1.6768224075689153
55,56,2.9359536920209255,3.0027499692924953,1.2706601982838661,1.6652934917151698,1.3274760907989438,1.675273878544064
56,57,2.9351829268034164,2.9992832998097954,1.2689844182164907,1.6661985168388649,1.32574811118134,1.673535180243395
57,58,2.9325845685704794,2.995892830723423,1.267324375599968,1.665260191211632,1.3240851871543011,1.6718076648348468
58,59,2.930448301510461,2.9927818514532962,1.2658490821332873,1.664599187602276,1.3225341315996848,1.6702477110139393
59,60,2.9259739616794342,2.9897189635341452,1.2643090648770792,1.6616649050871706,1.3209917834249594,1.6687271834430049
60,61,2.926380071170542,2.9869422102378587,1.263022291860854,1.6633577871177976,1.319568860631878,1.6673733339471333
61,62,2.9227114329006683,2.9841977257849805,1.2615438463506419,1.6611675692242414,1.3181927356174437,1.666005016484503
62,63,2.920659100095409,2.981533264406657,1.2603298708738968,1.660329225769506,1.3168579426862426,1.664675274592335
63,64,2.9181537175796604,2.9792779353715604,1.2590910937170658,1.6590626268872095,1.3156050876540653,1.66367284781852
64,65,2.9125649633817887,2.976941474716542,1.2578524986124802,1.6547124649830043,1.3144103719521376,1.6625310819027788
65,66,2.9098705476118067,2.974568558345407,1.2566885025180379,1.653182045356779,1.3132383170269304,1.6613302799604708
66,67,2.9115539260549697,2.9725710735482687,1.2555859499522093,1.6559679867382282,1.3121380506935767,1.6604330106812009
67,68,2.9120227651114763,2.9704971549874646,1.2545740712892266,1.657448691685293,1.3110599429930672,1.6594372433626046
68,69,2.907166974720742,2.9684373360569194,1.2536426820086959,1.6535242876491032,1.3100291549149206,1.6584081603308856
69,70,2.9071845435925234,2.9666073631432095,1.252612315188175,1.6545722214510212,1.3090397928730917,1.6575675529443612
70,71,2.90667269796018,2.9648257653592,1.2516746859292727,1.6549980179157562,1.308092654963671,1.6567331400463137
71,72,2.903235419442229,2.9631417795763175,1.2507988709773534,1.6524365384376187,1.3071938871327093,1.6559478924436084
72,73,2.905741636718891,2.961416912280907,1.2498919253545246,1.6558496974083974,1.306311054199429,1.6551058614152974
73,74,2.8998072227916203,2.9599300204697303,1.2491450841526792,1.6506621371595096,1.30547584340734,1.6544541385719331
74,75,2.9015553064656667,2.9583842561406604,1.2484194082380065,1.6531359075480776,1.3046632210076865,1.6537210351329739
75,76,2.8994420457464916,2.956896607855619,1.247636794485049,1.6518052735515412,1.303886346594762,1.653010261260857
76,77,2.900506111448533,2.955576311733763,1.246891426928321,1.6536146762025206,1.3031341861365204,1.6524421570664745
77,78,2.8990797024041464,2.9541984203508345,1.2462017956650593,1.6528779088760435,1.3024041197057499,1.651794312970113
78,79,2.8978263154847808,2.9530300487906245,1.2455617092422406,1.652264588324983,1.301718391402293,1.6513116012690432
79,80,2.898417362769664,2.951840804492013,1.2448097267699254,1.6536076246409934,1.3010473985793227,1.6507934059126903
80,81,2.8929517744853888,2.9506185002246146,1.244197214613024,1.6487545719708254,1.3003937409590867,1.6502247294632055
81,82,2.8942795113115367,2.9494446834265173,1.2435992303896661,1.6506802656344137,1.299766203407514,1.649678438144215
82,83,2.891174738011305,2.9483918028362726,1.2430890115564592,1.6480857210960167,1.2991615851046676,1.6492302125793392
83,84,2.8927228130889215,2.947454651432522,1.2425042406439584,1.6502185752230063,1.2985803530377857,1.6488742687439515
84,85,2.8889483665801907,2.9464041850324403,1.2420561089577493,1.646892252592375,1.298013230249033,1.6483909811003734
85,86,2.8884597906932212,2.9454065485525938,1.2413956422997783,1.6470641454017036,1.2974645512083829,1.6479419921414327
86,87,2.895655514585071,2.944524658130387,1.2410242064053094,1.6546313190618012,1.2969356271169954,1.647589074807652
87,88,2.890799301570118,2.9435915647926976,1.2404604600038702,1.6503388386238234,1.296415856783673,1.6471756868443246
88,89,2.8851346748347315,2.942772202067456,1.2399981671844604,1.645136510231057,1.2959277099471982,1.6468444450932034
89,90,2.88870266489212,2.9418234796847327,1.2396194624657533,1.6490832109988491,1.2954413628174086,1.6463820485745446
90,91,2.891149560752917,2.9410748461545526,1.2390889987982379,1.652060549642523,1.294975501854541,1.6460993827904684
91,92,2.8886115970167086,2.9402421573461113,1.238636777076153,1.6499748285705715,1.2945253839937307,1.6457167611788894
92,93,2.8890540687931354,2.9396574234558366,1.238290332360486,1.6507637196493228,1.2940957035553657,1.645561793345516
93,94,2.882558584673524,2.9388720350750424,1.237874281025038,1.6446843004594898,1.2936714288036701,1.6452006359221572
94,95,2.881588639111001,2.938263530246282,1.237549505392228,1.6440391326174182,1.2932601954977392,1.6450033520743
95,96,2.8852657901931718,2.937503980478998,1.2371593515187813,1.6481064457427843,1.2928562561839314,1.644647720910735
96,97,2.886670933891513,2.936941930197053,1.2367983301798415,1.6498726078212032,1.292478418400732,1.644463536395865
97,98,2.8806486715944315,2.936236889281515,1.2363972608811673,1.6442513995682149,1.292097233715704,1.644139639906964
98,99,2.882007369860982,2.9357457716586226,1.2362078339338172,1.6457995307820315,1.2917422262288756,1.6440035453792345
99,100,2.883705076596649,2.9351848333568897,1.2357405285051497,1.6479645497517499,1.2913915506358875,1.6437932441295204
100,101,2.8804123897415725,2.9345336016962085,1.2354089127051127,1.6450034826089845,1.2910496513217182,1.6434840238195354
101,102,2.8823894342203134,2.9340677988731256,1.2352044536668954,1.64718496904673,1.290720594080828,1.6433472310587511
102,103,2.8765491206739333,2.9335185220686055,1.234848210956928,1.6417008971582772,1.2903980614270194,1.643120429273379
103,104,2.8811686191516754,2.933106806823763,1.2345427467030052,1.6466258832813954,1.2900904385720269,1.6430163558256827
104,105,2.88170477933668,2.9325183995699478,1.2343278637724033,1.6473769158108487,1.2897822655358557,1.6427360657413128
105,106,2.8808962414755195,2.9320468720743214,1.2339975260366607,1.646898727241433,1.2894897668543508,1.6425571488626933
106,107,2.881112141531604,2.9316125792972114,1.2337991756197504,1.6473129686898969,1.2892040770942883,1.6424084882109853
107,108,2.8826996039699866,2.931316809027882,1.2334733462866274,1.6492262620394622,1.2889380948018219,1.6423787388256041
108,109,2.882290393656548,2.9308227094553283,1.233314051525539,1.6489763489857077,1.2886623674530093,1.6421602898229988
109,110,2.8814100139849894,2.9303672507657845,1.2331414498220277,1.648268550091926,1.2884018958120023,1.6419653079267276
110,111,2.880928151461543,2.9300543226427953,1.2328748014245452,1.648053348919205,1.2881545366877216,1.6418997472120545
111,112,2.87379679295876,2.929689794677799,1.232551178120804,1.6412456351719176,1.2879093865721913,1.6417804030543668
112,113,2.8789035855441614,2.9293277453568023,1.232421491367016,1.64648209325661,1.2876716033381932,1.6416561331789372
113,114,2.878792340263634,2.9289529853958194,1.2321393476194002,1.6466529976907385,1.2874429355738526,1.641510037547451
114,115,2.8833654473581434,2.928621199575521,1.2320332709952606,1.6513321626041715,1.2872177476094941,1.64140341347557
115,116,2.873279849337532,2.928357023606866,1.2318400333779855,1.6414398077897978,1.2870064599534212,1.6413505249104257
116,117,2.8773099127817865,2.9280221317784263,1.2315890939440834,1.6457208154514489,1.2867968215780743,1.641225292874595
117,118,2.8741427069202157,2.92772698281175,1.2314011706907448,1.6427415353582502,1.2865977855557102,1.6411291534617796
118,119,2.8775781289162192,2.927375714253571,1.2311604287633564,1.6464176977693343,1.2863941903841698,1.6409814890158378
119,120,2.878915247934271,2.9270960160231185,1.2311152620862613,1.647799978713863,1.2862110764293346,1.640884930754112
120,121,2.880829391266454,2.9267960663569177,1.230891465203774,1.649937929300991,1.2860175390869883,1.6407786006139498
121,122,2.872545481451427,2.9266005370576504,1.230775911063038,1.641769570125379,1.2858450829982757,1.6407554663844028
122,123,2.8808062008185997,2.926320172669524,1.2305676561985237,1.6502385373544246,1.285670116695307,1.6406500474376193
123,124,2.873291187239035,2.926069106691975,1.2304026923880549,1.6428884908072015,1.2855073006476385,1.6405618234206054
124,125,2.875513924595012,2.9258445382118223,1.2302428464730406,1.6452710998531737,1.2853449872489704,1.6404994724665658
125,126,2.8728429168479193,2.9256137249833447,1.230087583967815,1.642755324085707,1.2851934706255541,1.6404202404668775
126,127,2.876588436068584,2.9253095684415205,1.230107356633393,1.6464810676326163,1.28503703464896,1.6402725826380617
127,128,2.8792615510847974,2.9251916386313357,1.2298356584929262,1.64942589689866,1.2848965224068043,1.6402951721922825
128,129,2.8752055076755876,2.9249266499179907,1.229806558785357,1.645398949366936,1.2847565216533208,1.6401701629666958
129,130,2.8777726856109127,2.9247945250090908,1.2297235642160689,1.6480491148689078,1.2846260422872284,1.6401685089378033
130,131,2.8798010584667644,2.9245191469030867,1.2294650536279157,1.6503360160167744,1.284485808772556,1.6400333189358145
131,132,2.8743279085787896,2.9243741267818515,1.2294960939384467,1.6448318049582866,1.2843723769410182,1.6400018231848539
132,133,2.8764980214442986,2.9241549768690334,1.2293757369389404,1.647122278867081,1.2842534264770604,1.6399014769469278
133,134,2.8753776300433453,2.92400562823829,1.2293503021115568,1.6460273345892296,1.284142506829763,1.639863125196958
134,135,2.8731460640657955,2.923733622845957,1.2292026642831202,1.6439434008347154,1.2840404982283964,1.639693082641747
135,136,2.8754687013050106,2.9236006146770412,1.2290116346184878,1.6464570626098678,1.2839756094803245,1.639625027725252
136,137,2.8722274762059996,2.9234677363250214,1.2291219758349627,1.643105499236806,1.2839446740130247,1.6395230886794754
137,138,2.8688763435611526,2.9232973801887643,1.2290932613219994,1.6397830799378155,1.283875195454743,1.6394221550327237
138,139,2.8743917205619076,2.9230521955732574,1.2290497271151946,1.6453419955343551,1.2838342289298268,1.6392179667444553
139,140,2.8732226579740305,2.9227318909208653,1.2289570501938223,1.6442656051829843,1.2838368957830688,1.6388949776605024
140,141,2.874333607151044,2.922454603445732,1.2291508983559722,1.6451827117703728,1.2839234956745373,1.6385311217631324
141,142,2.873005525453013,2.9220312769130126,1.2289604040646644,1.6440451249061074,1.2841451963630772,1.6378860386751466
142,143,2.868772877031969,2.9215238847975002,1.2295169210111774,1.6392559532098723,1.284938526709201,1.6365853335897802
143,144,2.8748432248912987,2.919865389799668,1.2298788787315251,1.6449643453543052,1.284635218472804,1.635230232497393
144,145,2.8642702932457733,2.9176531801789496,1.230568960859706,1.633701333635365,1.28424018732572,1.6334130051782576
145,146,2.8595464209529227,2.9152772646839336,1.2301378195876254,1.629408603929645,1.28465664255417,1.6306206097037106
146,147,2.8587856550803186,2.9129961367380823,1.230248402033599,1.6285372558905153,1.2848683341074798,1.628127786971755
147,148,2.856403754912091,2.9103607015084414,1.23104832702359,1.625355418617398,1.2845147233393233,1.6258459692284213
148,149,2.8479764423709644,2.9071721586130432,1.231073285638464,1.6169031534119989,1.2840142573340465,1.6231579398199663
149,150,2.8439367156428523,2.9039681910458257,1.2301374290670668,1.6137992801977927,1.2837774438878238,1.620190773474968
150,151,2.84524272087195,2.9001068115234374,1.2304918900978743,1.6147508153715517,1.2832137796838405,1.6168930633593415
151,152,2.8350151615516297,2.8966162802809374,1.2297141467479469,1.6053010147543685,1.2832157243106326,1.6134004947997755
152,153,2.830128105187771,2.8925850355019005,1.22941044280362,1.6007176611184153,1.2829293136374424,1.6096556799896693
153,154,2.826738455843939,2.887810787508043,1.2300278635821944,1.5967105835659756,1.2825655419947737,1.6052452192973283
154,155,2.820078905188965,2.8835789252135715,1.229083587649246,1.59099531428497,1.2822778060274609,1.6013011103464385
155,156,2.8114948949627108,2.878500673730495,1.2288105620314782,1.58268434488175,1.2818084160150107,1.5966922281657234
156,157,2.8120945385326945,2.8736411262366732,1.2286590132605484,1.5834355301871461,1.2813105949405896,1.5923305172536333
157,158,2.8012253708821007,2.8683654510368735,1.2278002030403654,1.5734251577487257,1.2808139867701773,1.5875514850778094
158,159,2.7941500073102583,2.8636358217667723,1.2274999262809227,1.5666500886237495,1.2802640299170704,1.5833718355429374
159,160,2.7880927802315747,2.8587732067552665,1.227103477312068,1.5609893112207602,1.2795645719362518,1.579208652195284
160,161,2.7828383890884196,2.8529492166082737,1.2264431217100762,1.5563952598332438,1.2788141753713964,1.574135044621209
161,162,2.7750685484581603,2.848449009858956,1.2256329916520337,1.549435557118451,1.2782417184720605,1.57020726173611
162,163,2.768831044287558,2.8433586925773295,1.225045937845474,1.543785105274977,1.277632310026783,1.565726429678626
163,164,2.765827602236822,2.837993851354567,1.2245726614319286,1.5412549473801438,1.2770220060469741,1.5609718593500428
164,165,2.756744903552881,2.8322855080588387,1.223902873534625,1.5328420455358467,1.2764487440808345,1.5558367131625193
165,166,2.7476423635577474,2.826500416307126,1.2234808143600204,1.5241615374280284,1.2759558859518019,1.5505445039373333
166,167,2.7417725556079553,2.822514832625955,1.2229612699313777,1.5188112924162092,1.2756430143522004,1.5468717990790384
167,168,2.7384278390924375,2.8142771146054995,1.2226602298675553,1.5157676109837617,1.2750890898502478,1.5391880247552516
168,169,2.7226682522648025,2.807401522438405,1.2222543018369207,1.5004139528278482,1.274756048341929,1.5326454689442102
169,170,2.7156163152580555,2.800254005799859,1.221738582741011,1.493877747311358,1.2744147796246965,1.5258392140016717
170,171,2.7077867746747666,2.790953746286489,1.2212636951445481,1.4865230913327927,1.274027170114598,1.516926507778087
171,172,2.690211236148136,2.783111435579041,1.2208742024618424,1.4693370365876226,1.2737551528518483,1.5093563125295155
172,173,2.6848163037949746,2.7719394013033076,1.220525682925915,1.4642906096582575,1.2733738652730393,1.4985655919980194
173,174,2.6662762399477256,2.7624121868004234,1.2199600483098216,1.4463161991172513,1.273074312735412,1.4893379160408247
174,175,2.655500272657749,2.751008793560125,1.219632162320568,1.435868109400208,1.2727565111245138,1.4782523119853714
175,176,2.6370085538650048,2.7406144115884423,1.219274492353875,1.4177340379552952,1.272447381787381,1.4681670387922707
176,177,2.627307408860686,2.730097575611987,1.2188190695040146,1.4084883355594642,1.2721184011738178,1.4579792130801636
177,178,2.614923254140358,2.719839481378006,1.2184890891331306,1.3964341698071605,1.2718089045104335,1.4480305943448666
178,179,2.603235571212158,2.7083320253986423,1.2180661184151267,1.3851694347890648,1.2715212969961813,1.4368107491125495
179,180,2.5889408713996707,2.6991872612702643,1.2175959082874093,1.3713449637369102,1.2711747092715764,1.428012564424741
180,181,2.578467868897248,2.68912654872668,1.217296962736722,1.3611709143056174,1.2708940775212596,1.4182324923701206
181,182,2.5656292923103035,2.6787798878500015,1.21684320105812,1.3487860982959203,1.2705778613939123,1.4082020613096529
182,183,2.551854348781026,2.670906594850249,1.2165993304622154,1.3352550157215868,1.2702053529731299,1.4007012591018515
183,184,2.5400481569918227,2.6596991860260397,1.216106928815121,1.3239412387546359,1.2699492610107035,1.3897498953645513
184,185,2.5240477627308673,2.6502690859770373,1.215766753518509,1.3082810146205017,1.2695990638207582,1.380670015034029
185,186,2.515302062955142,2.6398792391106234,1.2154889568661829,1.2998131046095278,1.269408961928497,1.3704702945583958
186,187,2.503783336049999,2.630118870533119,1.2149239971337895,1.288859316552139,1.2691394999370738,1.3609794267153337
187,188,2.4920615241531503,2.622345813553212,1.2149810347514987,1.2770804798921958,1.2687227822966496,1.353623001555265
188,189,2.483130131942162,2.615221335221145,1.2144140897373172,1.2687160280269612,1.26835694348408,1.346864400576737
189,190,2.4674457849814493,2.6045160660299205,1.2139473868974717,1.253498404527723,1.268168383432647,1.3363476950233266
190,191,2.455385102465609,2.5972645488836,1.2138234486385269,1.241561664889941,1.2678094497676624,1.3294551549826639
191,192,2.446737027404983,2.5896857029300624,1.2134215979370964,1.2333154382047506,1.2675179013761424,1.3221678190312143
192,193,2.43693652070167,2.5802637486134543,1.2130310269133266,1.223905507349797,1.267341182292518,1.3129225522784864
193,194,2.43263920926285,2.573051489409754,1.212731973084704,1.2199072508573927,1.2670135901641038,1.3060379500611354
194,195,2.420997415368753,2.56580163937504,1.2125050193094378,1.208492404015368,1.2665793558803655,1.2992223569902324
195,196,2.4120419608974615,2.558490007812694,1.212301034264583,1.1997409287369587,1.2662490638635926,1.2922410173941468
196,197,2.4006311392429054,2.550399570343858,1.211572010889937,1.1890591336131688,1.2660083156015913,1.2843912373659974
197,198,2.3919365903125307,2.542921804169477,1.2114524232933552,1.1804841613973365,1.2656165432626918,1.2773052957603488
198,199,2.384195741572172,2.535813931287345,1.211013238369531,1.1731825081833935,1.2653959399057646,1.2704179650646146
199,200,2.3795943919361724,2.528239699642537,1.2107432868785775,1.1688510935098113,1.2651037839509673,1.263135920894348
200,201,2.371096671022109,2.520564910415876,1.2104511154631654,1.1606455711011918,1.2645867625535545,1.2559781041690858
201,202,2.356684723087128,2.5134528714721487,1.210154624026057,1.1465300974501342,1.2644466873447773,1.249006140333111
202,203,2.3495249686093866,2.506742980621629,1.2095888315053258,1.1399361306274391,1.263925114526587,1.2428178274530475
203,204,2.3444419731701927,2.502152283615985,1.2092222537181683,1.1352197236437465,1.2637504187175783,1.2384018301963806
204,205,2.342902874525778,2.497402153378826,1.208932175320022,1.1339707065700366,1.2633395699626309,1.2340625918012553
205,206,2.33513799603973,2.4894314148668517,1.2085593099332421,1.1265786880133104,1.2628990226883,1.2265323624772542
206,207,2.3249302991042793,2.4831751012195977,1.208022922211698,1.116907401771685,1.262417948094465,1.2207571655511855
207,208,2.3211376932991583,2.4804963325039817,1.2075272386270008,1.113610466367884,1.2622151550600085,1.218281160219241
208,209,2.3136712143385667,2.4746308768199663,1.2071039845978957,1.1065672264612647,1.2616108578645577,1.2130200278961052
209,210,2.312223874299617,2.473151454481028,1.2066529021365697,1.1055709641001465,1.261451994008937,1.2116994656748692
210,211,2.3073596894839685,2.465610270985102,1.206389910334457,1.1009697792563593,1.2606989516040026,1.2049113578715567
211,212,2.301096396392311,2.4613219453116595,1.2058957845087677,1.0952006107575316,1.2603210637630042,1.20100085189787
212,213,2.298671611980779,2.4557017372826397,1.2054358015090672,1.09323582794544,1.259616231918335,1.1960854790473388
213,214,2.2921512496122918,2.4531564911543313,1.204871581706038,1.0872796746623232,1.259307754595401,1.1938487365589303
214,215,2.292327729365606,2.4518298364291757,1.2044040157659501,1.0879237209392791,1.2590589835482129,1.192770858083741
215,216,2.2853352675040783,2.449810186685142,1.2037394634939595,1.081595802982736,1.258662761015407,1.191147395968437
216,217,2.2816749080004644,2.442081799143452,1.2033635270378567,1.0783113745599575,1.2580204416129548,1.1840613485898002
217,218,2.272166731471984,2.4363926256107074,1.2027406326263437,1.069426079892481,1.2573309362439786,1.1790616545131651
218,219,2.268216529210759,2.4330127651408566,1.2022902104680997,1.065926318150887,1.2569158545995163,1.1760968545735893
219,220,2.264223511286092,2.4293953548043463,1.2016948247508192,1.0625286959050046,1.2564669949523473,1.1729283211089796
220,221,2.267959140771276,2.4246971128350596,1.2013478296702564,1.0666113019038876,1.255864561412294,1.1688325689000598
221,222,2.261109707109585,2.424875268289598,1.2006899211463256,1.0604197865057177,1.2555184024875448,1.1693568220077935
222,223,2.2555961437930208,2.4160876746905053,1.2003652336876234,1.055230902461669,1.2547023555989993,1.1613852895417456
223,224,2.250980039591034,2.4157556041822597,1.1995104027925376,1.0514696330999185,1.2542913421230801,1.1614642272561284
224,225,2.247890194903667,2.4088603218733255,1.1989476177420197,1.0489425755589297,1.2532472219002448,1.155613038802551
225,226,2.2455809455975206,2.412732641676725,1.1982790152308564,1.047301938396689,1.2529843613757925,1.1597483099517176
226,227,2.245494608022992,2.404291040715525,1.197653904795581,1.0478407060958639,1.2521437351986513,1.1521472758660882
227,228,2.2404416343880436,2.40086905006635,1.1968494900602433,1.043592144574372,1.2514308488975137,1.1494381888438079
228,229,2.238017400160588,2.3979317022582234,1.1964256795183834,1.0415917153244707,1.2505587196451122,1.1473729618019977
229,230,2.2335131927313756,2.3982217786675792,1.1955760290493835,1.0379371620957127,1.2502120797916993,1.148009725091821
230,231,2.228436021632538,2.392992399910749,1.1950392400567464,1.0333967842880822,1.2495276009127245,1.1434647900068153
231,232,2.2205743089408685,2.3915407599028895,1.1942355567687004,1.0263387556981463,1.2488960034261316,1.142644765467967
232,233,2.2196459220840468,2.3869002972619007,1.1934723758888193,1.02617355318965,1.2478817159846678,1.1390186020883464
233,234,2.223041800721469,2.3859705735061127,1.193079538573498,1.02996227355603,1.2473825392076525,1.138587983482975
234,235,2.217349254388015,2.3831346818956276,1.1920208163308756,1.0253284321065377,1.2459457274210655,1.137188940432112
235,236,2.219776149126159,2.381552965459177,1.1912882168254864,1.028487935185564,1.2458214958340434,1.1357314574011301
236,237,2.2140574190936166,2.378703014729387,1.1903523017836748,1.0237051118196077,1.244403786830983,1.1342992311311981
237,238,2.20566637313504,2.3767735216577175,1.1894669379408163,1.0161994327120667,1.2433214744773962,1.1334520594548372
238,239,2.2078437415592194,2.3745468679120987,1.1885611071023767,1.0192826400786819,1.2425374958474757,1.1320093335741657
239,240,2.204816672529756,2.3720686396299784,1.1879199465137782,1.0168967253255765,1.241650354104527,1.1304183030532577
240,241,2.1996294274161814,2.3692244643882168,1.1869027541608226,1.0127266679951583,1.240630235712407,1.1285941900338157
241,242,2.198996072142938,2.3676366525181267,1.1860840108864095,1.012912057253845,1.2400702397702104,1.1275664687156677
242,243,2.190927775834584,2.365668254989689,1.1849624684221234,1.005965307724785,1.2389401313612016,1.1267281969725076
243,244,2.1899829471696495,2.3622159224445536,1.1841347194053293,1.005848241572346,1.2376493116556588,1.1245665967969571
244,245,2.1814028031741857,2.3600746409367708,1.183085035452577,0.9983177460397203,1.2367633941314988,1.1233111857862796
245,246,2.1853262876451707,2.3587630339598253,1.1821799556227988,1.0031463285457083,1.2359097445920362,1.1228533191195988
246,247,2.1853294051686376,2.356167644767438,1.1812748869709462,1.004054511359431,1.2349707036200217,1.121197031968731
247,248,2.1811701478842407,2.3528405672412807,1.180186444251365,1.0009836896358113,1.2333763083664038,1.1194642325073987
248,249,2.1755499263133258,2.351994361513752,1.1792461700158032,0.9963037524016864,1.232768011396214,1.1192262856131894
249,250,2.172912367062219,2.3469645235498073,1.1782243931352665,0.9946879877514163,1.2311782841965304,1.1157861709594727
250,251,2.1698072360026135,2.3478428773960824,1.1772222645001325,0.9925849708202986,1.2307136285608098,1.1171292051420374
251,252,2.173495706904349,2.3439774191985694,1.1762532588367758,0.9972424474264862,1.2292045811980457,1.1147728083497388
252,253,2.169844012084878,2.3377610297526346,1.1751516877750106,0.9946923334659034,1.2278177445217715,1.1099433234182454
253,254,2.166199313890717,2.334251178725291,1.1739157405401945,0.9922835743532481,1.22666835992013,1.1075828607809746
254,255,2.158085746950559,2.338818018315202,1.1728419445196174,0.9852437961844536,1.2261994319447016,1.1126186301647607
255,256,2.152561129816185,2.330407574520273,1.172277103141731,0.9802840340962675,1.2245696239552255,1.1058380066843356
256,257,2.1557144100535854,2.3279184908179915,1.1711066062780486,0.9846078009399603,1.2235654394505389,1.1043530636419685
257,258,2.1447714141108225,2.325266820596436,1.1700321044207802,0.9747393193145648,1.2224502381126758,1.1028165876360263
258,259,2.144318086135736,2.324533337960809,1.1687698022673554,0.975548269715154,1.2213226475452972,1.1032107201168093
259,260,2.139460525424587,2.32375448073371,1.1679122602814676,0.9715482485488312,1.2202430800361148,1.103511365894544
260,261,2.134954034591734,2.321048164165626,1.1665721795898212,0.9683818514841536,1.218850881568456,1.1021973071967142
261,262,2.1369243090282932,2.3178813047328237,1.1652640317660699,0.9716602946455414,1.2178174974049552,1.1000637951038652
262,263,2.1342499283914464,2.314664971121287,1.1643580825895614,0.9698918493237537,1.216488609526117,1.0981763653836007
263,264,2.1345737655387684,2.3144693729230914,1.1630827865249467,0.9714909725865145,1.215535856151985,1.0989335167711063
264,265,2.1349664515904543,2.3076714496491317,1.1623847096977613,0.972581754015811,1.2137920275583105,1.0938794096647684
265,266,2.126491408534163,2.3076649503182556,1.1609255050961904,0.9655659113858066,1.2127924756478454,1.0948725391747587
266,267,2.126909941023907,2.3064931172435568,1.1596165652506534,0.9672933793978604,1.2118142069396327,1.094678948794381
267,268,2.1237268963046843,2.2997360973034873,1.1588258459235317,0.964901043748369,1.209694324004448,1.090041817143812
268,269,2.1232736765746574,2.2980195865792745,1.1572740876700953,0.9659995920935587,1.2085322329553507,1.0894873832747087
269,270,2.1175670537314755,2.3019347858631005,1.1559915515808394,0.9615754941329401,1.2081620432562747,1.093772786401086
270,271,2.1154312146216285,2.2925517463077933,1.1547979598570055,0.9606332643603792,1.205593413872234,1.0869583149582653
271,272,2.1132676216757766,2.293763319516586,1.1533829457051046,0.9598846608969104,1.204956460201134,1.088806915384228
272,273,2.112439611753047,2.2893519728870717,1.1521631400853445,0.9602764725224852,1.203546109138909,1.0858058899135914
273,274,2.1073663421612188,2.2848176924859063,1.1514373585885884,0.9559289950341134,1.2018248029179492,1.0829929107326572
274,275,2.1040496401410698,2.2819384665812477,1.1499868420954902,0.9540628021468922,1.2005245673959537,1.0814138991852937
275,276,2.1077293886115256,2.2790828085551826,1.1485784613356298,0.9591509260759128,1.1992015070329278,1.079881284196498
276,277,2.0953403323379196,2.2764765034287664,1.147303208174524,0.9480371349632444,1.1978642967292819,1.0786121753312774
277,278,2.098434835721693,2.2733669182001535,1.14618415602057,0.9522506614054886,1.1966092137967126,1.0767576728836965
278,279,2.0932689082931564,2.2750607010671646,1.1449854890417803,0.9482834117391526,1.196023740101669,1.07903693464853
279,280,2.0844382496085276,2.268304710671053,1.1443127676622682,0.9401254743600641,1.194180219961425,1.0741244347418768
280,281,2.086677008942879,2.267592893010479,1.142550147934244,0.9441268776357996,1.192972563636505,1.074620385341725
281,282,2.0882440783408094,2.2641793942047377,1.1417474529063314,0.9464966302303011,1.1915441026121882,1.0726352759337021
282,283,2.0849538425418204,2.2588825005595967,1.1402922771414932,0.9446615560264858,1.1899410139706175,1.0689415337170585
283,284,2.085220153793339,2.2558906644077625,1.1391781140642803,0.9460420591383761,1.1885321911108695,1.0673585204249723
284,285,2.080593031164828,2.256094057176073,1.1380070749396982,0.9425859527032611,1.187598387821246,1.0684956570297985
285,286,2.0805014264366606,2.2556701419717173,1.1367514674103332,0.9437499725384667,1.1864041043540179,1.0692660252926713
286,287,2.0735763672696117,2.2492033320968434,1.1357583050332014,0.9378180586857751,1.1846533043404757,1.0645499807293133
287,288,2.071846060311012,2.2489743234747546,1.134262452336615,0.9375835995580765,1.1836423098535862,1.065332025946197
288,289,2.0662137152605538,2.2498578324156293,1.1331445258819657,0.9330691797540652,1.1826564396842052,1.0672014185937784
289,290,2.0643544632364095,2.246207291291932,1.131827760617245,0.9325267094779724,1.1811025416446945,1.0651047025191582
290,291,2.0651854845416264,2.2400266541262805,1.1310722399533815,0.9341132392088681,1.1794395362421617,1.0605871056096028
291,292,2.065950432848812,2.2429581384537585,1.1294518029630611,0.936498627691261,1.1786489983231334,1.0643091104798397
292,293,2.054238805077843,2.2330533350928357,1.1284808925647336,0.9257579074583853,1.1769152081618874,1.0561381617845116
293,294,2.0623073378815153,2.230666679143906,1.1272992296930313,0.9350081157089266,1.175624652737278,1.0550420388326807
294,295,2.0515017799757755,2.2283453288724866,1.1261281561141374,0.9253736099221072,1.1744372436555766,1.0539081059269986
295,296,2.0522617836782304,2.2265232128612067,1.1250219836263977,0.9272397924491995,1.17324657616979,1.0532766225479417
296,297,2.04828685438245,2.225970018314103,1.123819307733884,0.9244675529649161,1.1720807473033161,1.053889309652781
297,298,2.0504334119887755,2.2216636385958073,1.1226724511144968,0.9277609576072011,1.1706593779184051,1.051004287095393
298,299,2.043201823607375,2.2190745900243014,1.121563391286368,0.9216384320908729,1.1694549088255835,1.0496197109000158
299,300,2.047330179401215,2.2155543848619623,1.12026629953245,0.9270638788085055,1.1680637228286872,1.047490670872947
300,301,2.046175370509626,2.214132668204227,1.1192069389480817,0.9269684196356838,1.166913819868686,1.0472188360105126
301,302,2.0354390770476365,2.212737348827265,1.1183270338452198,0.9171120340463803,1.165834752988007,1.046902608012749
302,303,2.042291655339264,2.2124557672920875,1.117129224180452,0.9251624363984643,1.1646050103135028,1.0478507306616185
303,304,2.0376644274574316,2.207522313877688,1.115923988690905,0.9217404377802393,1.1632214718450935,1.0443008246563248
304,305,2.0360468082577894,2.2030486336198902,1.1149511380019401,0.9210956510561182,1.1619236534934934,1.0411249032970202
305,306,2.0293923185894784,2.2073084281662765,1.1137955832139472,0.915596717420988,1.1611033174951197,1.0462050669274088
306,307,2.028218015198279,2.198621034420143,1.112804663408151,0.9154133520120425,1.1594628439111225,1.039158122115216
307,308,2.0254240043079137,2.199487277107724,1.1115751459956236,0.913848859006801,1.1583876788111056,1.041099598296618
308,309,2.0264011693967356,2.198331931485968,1.1103433906801878,0.9160577912423996,1.1572313270326389,1.0411006166773327
309,310,2.0190262046231133,2.191831245058674,1.1093082709234852,0.9097179416721195,1.1558472317154125,1.0359840010687456
310,311,2.0180880611467544,2.19209883879807,1.1081959412397762,0.9098921254918316,1.1548251793546191,1.0372737502647658
311,312,2.018664259099855,2.1909077392796337,1.1073568055659977,0.9113074605611563,1.1536666244773541,1.0372410710080195
312,313,2.0132732962089155,2.1847789545180434,1.1060882724751706,0.9071850201913289,1.1522586858373578,1.0325202686806856
313,314,2.0115715825485383,2.1873150821459495,1.104911165873911,0.9066604178088578,1.1510379524554237,1.0362771418640169
314,315,2.0141894313852498,2.1816435953318063,1.1039574697769878,0.9102319640328854,1.149849987989765,1.0317936455294237
315,316,2.0075241657363336,2.1800079285088234,1.1025908591828817,0.9049333097136816,1.1487313723160049,1.03127651411598
316,317,2.005903102108213,2.1754245646929338,1.1017345910038134,0.904168527074039,1.1475163616871429,1.0279081804772554
317,318,2.0109679141362857,2.175839460906336,1.1006184457680566,0.9103494804625806,1.1466339400259116,1.0292055068379742
318,319,2.0029927329568658,2.171845877574662,1.099752681793196,0.9032400524211863,1.1451659753666086,1.026679949235108
319,320,2.0043879571009655,2.170404983981181,1.098680335944092,0.905707638511425,1.1439764136480073,1.0264286436771943
320,321,1.9980945487707542,2.1686182700981527,1.0973895778658636,0.900704964576212,1.1427282453088436,1.0258900387812468
321,322,1.9952741941068295,2.1785802326970183,1.0963143395969899,0.8989598561166665,1.1418929877422623,1.0366872538954526
322,323,1.994511062524888,2.164652458085852,1.0952175663968047,0.8992935039937267,1.1404145302408832,1.0242379961377484
323,324,1.9898607927794227,2.1615742899603765,1.0941970953116809,0.8956636892733361,1.1393278551303734,1.02224643498154
324,325,1.9939891621018402,2.1601606085138805,1.0931766428016394,0.9008125189097955,1.1382709485494484,1.021889659964432
325,326,1.9877677457443075,2.1591238040035052,1.0922437678925976,0.8955239831160197,1.1369791719873072,1.0221446405022832
326,327,1.9894462364586558,2.158828225782362,1.0911780120717578,0.8982682043447129,1.1360089569273641,1.0228192128872466
327,328,1.983465362206652,2.1550050157611653,1.0901378942535387,0.8933274706160897,1.1348851260492356,1.0201198846606885
328,329,1.9857371078297636,2.1507336354861826,1.089182788653066,0.8965543190451926,1.1336758079670244,1.0170578398441865
329,330,1.9801464008975935,2.149471149000071,1.0881180393222414,0.8920283684300508,1.1325243702379324,1.0169467698214418
330,331,1.9769910324592979,2.1477096084821024,1.0869193994334831,0.8900716321504846,1.1314450169518842,1.0162645321781352
331,332,1.9789237683475576,2.1475853567406284,1.0858433166230113,0.8930804569477608,1.1303891545130034,1.017196197075359
332,333,1.974597218792148,2.1425139564578815,1.0848412942603616,0.8897559258303982,1.1292035484212941,1.0133103990453785
333,334,1.9742286437069325,2.1428439875780527,1.0841275108860002,0.8901011393222109,1.1281555938518653,1.0146884112034813
334,335,1.9784162470108229,2.137949965363842,1.0830069371040394,0.8954093056657468,1.1269347143375268,1.011015233549021
335,336,1.972618973031599,2.1360167058847717,1.0822193224950845,0.8903996586240726,1.1259237239421425,1.0100929679506916
336,337,1.9684481164301817,2.134728993702743,1.0808374189041756,0.8876107020095049,1.1246738644979768,1.0100551555217323
337,338,1.9630569058166836,2.1356034880977566,1.0798663295932849,0.8831905705769024,1.1236245881197817,1.0119788142079014
338,339,1.9673404722534618,2.131657364812948,1.0789624235443298,0.8883780490378944,1.1223664401446358,1.0092909298205779
339,340,1.9631186642669145,2.129547236531468,1.0777575596550586,0.8853611001489048,1.1212741876557721,1.0082730663529897
340,341,1.959818412471199,2.1267237767324607,1.0769935397732278,0.8828248812499062,1.120200119735831,1.006523683313596
341,342,1.9600498464412606,2.125818948624498,1.075691620454036,0.8843582295625169,1.1189617059493469,1.0068572865199235
342,343,1.9581280008443336,2.1246282919988793,1.0748486026537991,0.8832794017165126,1.117947326272221,1.0066809797185963
343,344,1.9534098444823986,2.1229066919472257,1.0737020362988403,0.8797078039836174,1.1168532192707061,1.0060534462080164
344,345,1.9504118442239513,2.1214316794427774,1.0728937468670774,0.8775180984746667,1.115818447783842,1.0056132613097206
345,346,1.9514379753339244,2.12010816941827,1.0719348279337033,0.8795031417578344,1.1145417972641476,1.0055663423518002
346,347,1.9508495051033643,2.1176382229489796,1.0709911039437106,0.8798584016445784,1.1136003398289114,1.004037865642774
347,348,1.9429584553869008,2.1180351452302126,1.0698665338560684,0.8730919438538075,1.1127083281339225,1.0053267751204766
348,349,1.9474582359630366,2.1161265341912285,1.0689172252264723,0.8785410192597327,1.1115549870971906,1.0045715297177686
349,350,1.9448837675873376,2.112775658550909,1.0679449097464508,0.8769388529382157,1.1103647924580817,1.0024108906923714
350,351,1.9436621342452272,2.108442505335404,1.0669037665508099,0.8767583588342672,1.1094518656447783,0.9989906538341005
351,352,1.9354322970538131,2.1071480367143276,1.0660790385821217,0.8693532697605745,1.1082368735034587,0.9989112051866822
352,353,1.9380318521960165,2.1079866263826013,1.0650122492305494,0.8730195920916466,1.1073212039672722,1.0006653965529748
353,354,1.9297569258168332,2.112838668439348,1.0640224198314017,0.8657345066100803,1.1063472911968069,1.006491383278774
354,355,1.9335254416798466,2.103363028724315,1.0631602898166117,0.8703651510084524,1.1050844558719861,0.9982785432015435
355,356,1.9331270980525923,2.1035298081777865,1.0618920489627883,0.8712350462377894,1.1040811151771222,0.9994486632993665
356,357,1.9335602729181132,2.099002956434832,1.0613699000445902,0.8721903765268965,1.102929132974754,0.9960737763319986
357,358,1.9364079921960962,2.096476728330224,1.0602066350193624,0.8762013613561274,1.101904058961545,0.994572683360617
358,359,1.9307960773855695,2.0930605801485354,1.0593609061283231,0.8714351708668407,1.1009646644026547,0.9920958596771047
359,360,1.9296794153680081,2.097827338162115,1.058140669352957,0.8715387437712468,1.1000441578990323,0.9977832100148928
360,361,1.9245060967333858,2.0922456256413864,1.0573031220131004,0.8672029654163059,1.098911308333025,0.9933343521619247
361,362,1.9205239507222267,2.0906143776441026,1.0565314298003534,0.8639925255779726,1.0978005550170349,0.9928138401043617
362,363,1.922423070100415,2.0891907625279185,1.0553713526373336,0.8670517309464543,1.0966706961393355,0.992520078713611
363,364,1.9160070034659376,2.085439952652333,1.0543728285544627,0.8616341748251747,1.095643925161685,0.9897960886611776
364,365,1.9117460380058162,2.0857293784618376,1.0534975060394831,0.8582485330882351,1.094598743016437,0.9911306355464257
365,366,1.91552754444308,2.083356845277851,1.0525290295029632,0.8629985142373868,1.0935500351049132,0.9898067806231774
366,367,1.9103389230967225,2.081820816811869,1.051722362119719,0.8586165544716153,1.0923920152551037,0.9894287927170932
367,368,1.9136501149748546,2.0845356838177826,1.050823279148429,0.8628268315237462,1.0914279139648049,0.9931077383837458
368,369,1.9145140177429019,2.07981304839506,1.0494958070418614,0.8650182121106096,1.0903667427725712,0.9894463371422331
369,370,1.9017585917723752,2.0756966314073337,1.04831776927008,0.853440824643361,1.0891948196342436,0.9865018206127619
370,371,1.90847054663049,2.073706690335678,1.0477676313520463,0.8607029128291629,1.0883151396351345,0.9853915087247299
371,372,1.9099608793386227,2.072419524697934,1.0467666906180857,0.863194183702799,1.0872371303328012,0.9851823769888636
372,373,1.8991903347727086,2.076289108850188,1.0457039534125088,0.8534863871258724,1.0864307963747089,0.989858301135443
373,374,1.902383620214278,2.0692291576983566,1.045068193241436,0.8573154358535396,1.0851455045958698,0.9840837091712629
374,375,1.8965181869593892,2.0690935332896347,1.0438908394272,0.8526273253283906,1.084095435475899,0.9849980469982503
375,376,1.89150372236326,2.0664368924448047,1.0428857870083519,0.8486179414863292,1.08304721354428,0.9833897557299016
376,377,1.8936644536779523,2.06500898963314,1.042024198136669,0.8516402646028003,1.082104016108028,0.982904973525112
377,378,1.8911898663309616,2.065819963560266,1.041172794245648,0.8500170660443025,1.081181565028126,0.9846384282334376
378,379,1.896689843585724,2.059058941016763,1.040308116666533,0.8563817321958295,1.0800388732198942,0.9790199996051142
379,380,1.889697771472163,2.0603829888974206,1.039210330368206,0.8504874228411988,1.0789813126547863,0.9814016763436593
380,381,1.8926841074829923,2.05685356552318,1.0382429005129195,0.854441196618163,1.0780438457505177,0.9788096760794268
381,382,1.8943152042528049,2.0542489574117178,1.0374089912919793,0.8569062035089031,1.0770828687538534,0.9771661111863993
382,383,1.8823238801081668,2.054358706029795,1.036471514052866,0.8458523613087919,1.076051045878459,0.9783076986923056
383,384,1.890639935779887,2.0513869186579172,1.0358231352858955,0.8548167957515922,1.0751755029973338,0.9762114839533628
384,385,1.8772719905840647,2.0515115490404225,1.0348078156464413,0.8424641776827904,1.0741420287196919,0.9773695089806944
385,386,1.8785956482728148,2.049383017673331,1.0340778904926429,0.844517758314411,1.0732561175600956,0.976126976942612
386,387,1.884521453964467,2.0470009466349066,1.0332847440762212,0.8512367125347841,1.0721435572636329,0.9748573737124265
387,388,1.881417091699575,2.0434690342111104,1.0322749478443511,0.8491421325457931,1.0711293353872784,0.9723397111488601
388,389,1.8770333948512796,2.0407844703076248,1.0314009880007005,0.8456324041958219,1.0702689812850144,0.9705154592202881
389,390,1.8715359701744707,2.0415376600572617,1.0305202392603374,0.8410157418989109,1.069171367964502,0.9723662832530878
390,391,1.8655777885581142,2.0504554125212007,1.0293336725668951,0.8362441272061304,1.0687120288105334,0.9817433810587657
391,392,1.876621613056043,2.0408134524094854,1.0286072831718027,0.8480143248870501,1.0672122065293588,0.9736012598720648
392,393,1.8677773380305842,2.037702260583134,1.0277230735977119,0.8400542709177131,1.066198067493358,0.971504198242042
393,394,1.8700128031316148,2.034863962662422,1.026631495371354,0.8433813011315865,1.0652679351426788,0.969596022316965
394,395,1.865543489372671,2.032793009584233,1.0258140737222692,0.8397294058327311,1.064228848330045,0.9685641664064537
395,396,1.865137148564255,2.0395373124187275,1.0247191451263902,0.840417992366787,1.0634033911814125,0.9761339302285242
396,397,1.8639420351302236,2.029114889795497,1.0238729712552808,0.8400690656379317,1.0623875643742287,0.9667273350943953
397,398,1.861222407055769,2.02788059893301,1.0231545251736112,0.8380678819520199,1.0613405475171946,0.9665400777327813
398,399,1.8559575428702328,2.0250002519559054,1.0221286257919,0.833828901647042,1.0603288318646156,0.9646713763475419
399,400,1.8575926618028988,2.02435687921815,1.0213382379724647,0.8362544183524288,1.0593145777108306,0.9650423278747979
400,401,1.849643667659507,2.022168174436537,1.0204764639088546,0.8291672020780732,1.0583642108965727,0.9638039512654483
401,402,1.8573771519550486,2.0234314920538563,1.0197357440349875,0.8376414182021088,1.0575914954735062,0.965840008854866
402,403,1.853866541839343,2.0188120278261477,1.0187637392684235,0.8351028048845858,1.0566232684810284,0.9621887516419766
403,404,1.849002873789061,2.0191161065788594,1.01761528750973,0.8313875848286664,1.0556109799671982,0.963505135451333
404,405,1.8471352685668228,2.015982578871614,1.0168716450356938,0.8302636189900967,1.054723279102374,0.9612593460638644
405,406,1.84039274150669,2.0134961154501316,1.0159813195417682,0.8244114325921705,1.053677107823097,0.9598190024242563
406,407,1.8450767235636252,2.016585976996664,1.0152910131317965,0.8297857119605743,1.052897828362756,0.9636881574230679
407,408,1.8453081660321977,2.0122296549506107,1.014436816945631,0.8308713451578548,1.0519061170392117,0.9603234993199171
408,409,1.8462750407555324,2.0093146529238104,1.0134641841275878,0.8328108556211093,1.0508688257407335,0.9584458009671357
409,410,1.8378147605171666,2.009303525039705,1.0127516786531394,0.8250630795626895,1.0498030298847263,0.9595004636857469
410,411,1.841352745849522,2.0067607220956836,1.0116223375145006,0.8297303979337971,1.0489513603307432,0.9578093477730024
411,412,1.835303085421043,2.0037174407708442,1.0109041679549862,0.8243989318042122,1.0479735615900008,0.9557438965571129
412,413,1.8389831839085151,2.002387475563308,1.0102600975550806,0.8287230746700365,1.0470159435676316,0.9553714637028969
413,414,1.8317829543592123,2.0001956085027275,1.0090952247496277,0.8226877337067875,1.0460645948426197,0.9541310233332343
414,415,1.8411975321162162,1.9994658528748206,1.0082201295410542,0.8329774127709096,1.0450933618060614,0.9543725118798725
415,416,1.8343685320807108,1.9991436170319379,1.0073333937886402,0.8270351414851767,1.04431127996768,0.9548323248907671
416,417,1.825922505505757,1.9951233991121842,1.0063118147080732,0.8196106824512253,1.043216927778923,0.9519064467337172
417,418,1.834366468553443,1.9938053538233547,1.0057265475943018,0.8286399132948651,1.0423909284805848,0.951414442820064
418,419,1.8295803347708306,1.9919541510484986,1.00480073009876,0.8247796033446919,1.041438484494969,0.9505156928704956
419,420,1.8257714895438044,1.9894953734793905,1.003941407025485,0.8218300797238379,1.0405076789653906,0.9489877181790642
420,421,1.8214590684097245,1.9895418356030674,1.0028133020174812,0.8186457697702783,1.0394151674993968,0.9501266643152398
421,422,1.8205243586935,1.9875216569940923,1.0023229027149496,0.8182014464033419,1.0386174330266855,0.9489042264677711
422,423,1.8202594207980918,1.9865443147845188,1.0012843989563198,0.8189750243362576,1.03757454646846,0.948969756041543
423,424,1.8201412451379022,1.9859228570582503,1.0002870161889734,0.81985424235833,1.0366847383773934,0.9492381169634351
424,425,1.811669630581545,1.982140107882225,0.9995142244957326,0.8121554106432828,1.0356888318971051,0.9464512926289591
425,426,1.8231059795772575,1.9820527121172113,0.9988444430914888,0.8242615356186577,1.0347138737722978,0.9473387822761374
426,427,1.8112652443320594,1.9805391643006922,0.9977371269540108,0.8135281187177559,1.0337013660346048,0.9468377859915718
427,428,1.8088697959919102,1.977852373709113,0.9968914837713605,0.8119783144150395,1.0327896112102573,0.9450627772232233
428,429,1.8159458230065169,1.9768946955769748,0.9960551649677247,0.819890665846902,1.0320582159494949,0.9448365216032933
429,430,1.809596339132795,1.973120614633722,0.9953752321494723,0.8142211049121187,1.0309505653078272,0.9421700230089285
430,431,1.811160590986619,1.9715719392744162,0.9945194207530487,0.816641167911685,1.0300668785632667,0.9415050572257931
431,432,1.8097563145638038,1.970150433152409,0.9933417130588368,0.8164145885804905,1.0291618048134497,0.9409886893579515
432,433,1.7984272283180867,1.970498773102033,0.9924528182736432,0.8059744079732395,1.0282197538573863,0.9422790429097111
433,434,1.8028392607312274,1.9698420311434794,0.9916640828146306,0.8111751968738655,1.0273472048973633,0.9424948203614203
434,435,1.7974640313953045,1.96785349694349,0.9910207948037688,0.8064432453489474,1.0266130239781688,0.9412404818049932
435,436,1.7938784679949644,1.9643192489268415,0.9901802424922939,0.8036982279355133,1.0257601674330437,0.9385589957237244
436,437,1.7965466411351763,1.961233913898468,0.9894349782491875,0.8071116611312189,1.0248405088812618,0.9363933367244268
437,438,1.7954726574076385,1.9861177963725591,0.9886051338644759,0.8068675127063282,1.024227437730563,0.9618903586419962
438,439,1.7959429485260026,1.9581090817006968,0.9878985814244722,0.8080443672207068,1.0229592271780563,0.9351498718989097
439,440,1.791420319020518,1.95901891427525,0.9870615795673879,0.8043587342792299,1.022048531497939,0.9369704065939127
440,441,1.789592505027363,1.9625610554622392,0.9859377822524859,0.8036547269789277,1.0211152459605266,0.9414457920244185
441,442,1.785292538387369,1.9550055089643446,0.9852722592269657,0.8000202764275649,1.0203374092356634,0.9346680314359018
442,443,1.7837399840848063,1.9537756769333856,0.9844828407802572,0.799257133552631,1.0194008295313786,0.9343749085725364
443,444,1.7852277717600853,1.9504345819101496,0.9835159955140443,0.801711782455543,1.018442725781667,0.9319918388027256
444,445,1.7841288457736084,1.9497679845761444,0.9827391369626854,0.8013897118355382,1.0175796747712766,0.9321883657726191
445,446,1.778980827568252,1.954041882288658,0.981683166758237,0.7972976551552997,1.0166840050685204,0.937357894596407
446,447,1.7794711381542176,1.94901532874269,0.9810768397421187,0.7983943069065005,1.0157841349557295,0.933231240814015
447,448,1.7788245567812555,1.9440889285782637,0.9803613762926543,0.7984631792845084,1.0149940759448681,0.9290948772329395
448,449,1.7759883212931433,1.9601776973675873,0.9793869525736626,0.7966013500704269,1.014356481018713,0.9458212198342307
449,450,1.7740327469794972,1.9428182522119102,0.9786154844125725,0.7954172692983372,1.0132272642042677,0.9295910002316459
450,451,1.7700225086713193,1.942356024354191,0.9776608331290254,0.792361681690153,1.0122863725585454,0.9300695924435631
451,452,1.7734452502476334,1.9432338934833722,0.9768677309476007,0.7965775148083147,1.011549569590617,0.9316843450069427
452,453,1.7763274877984025,1.9386808393365247,0.9762105158988902,0.8001169758980865,1.0106259181337842,0.9280549122115312
453,454,1.766671542232364,1.937359124624123,0.9751508419874027,0.7915206976888328,1.009660189737708,0.9276988763677871
454,455,1.7642847350369615,1.9348301283383773,0.9745560541740782,0.7897286806368591,1.0089024281602794,0.925927708184315
455,456,1.7613079526676898,1.9328465686006062,0.9736055265423743,0.7877024306745669,1.0081265903125376,0.924720007105399
456,457,1.7625884137723042,1.932848657187769,0.9732694607936935,0.7893189517046559,1.007204463522313,0.9256441629791664
457,458,1.7618894271277223,1.9276189175702758,0.9719133617071835,0.7899760716423696,1.0063336522902473,0.9212852355282185
458,459,1.7598907937677408,1.928446976714215,0.9715484808277702,0.7883423150235029,1.0054762457892046,0.9229707186504946
459,460,1.760178318322198,1.9277283527083315,0.9704736992100359,0.7897046265709617,1.0046240047378054,0.9231043916637615
460,461,1.7592994919220388,1.9264729985746287,0.9696337632954087,0.7896657363114539,1.0037191183890326,0.9227538548031096
461,462,1.7512575808441975,1.9309224578283601,0.96886383952913,0.7823937471095068,1.0028978296255662,0.9280246107254998
462,463,1.7437306746750068,1.9238582960629866,0.9680455528729802,0.7756851203184857,1.002034173476494,0.9218241209195832
463,464,1.748700184530799,1.9225381113715092,0.9673027992248535,0.7813973923948873,1.0012517271405559,0.9212863868828547
464,465,1.7461393689721314,1.9190083644147646,0.9665440738168265,0.7795952922375374,1.0004096040281198,0.9185987150264998
465,466,1.7555693233795608,1.9216465454990581,0.9658015654584156,0.7897677643731097,0.9994568844973031,0.9221897021441137
466,467,1.7470937121887595,1.9327058931528511,0.9646884520377366,0.7824052579277665,0.9987513121406911,0.9339546248064203
467,468,1.7459067465748763,1.920078614404646,0.9641753415573517,0.7817313994984237,0.9978151705305455,0.9222634580175756
468,469,1.7365744016279652,1.915900559546584,0.9632108838467458,0.7733635327358044,0.9969707202608302,0.9189298698710183
469,470,1.7402045090620648,1.9125665197938175,0.9626599322250385,0.7775445711165584,0.9961967919337548,0.9163697890305923
470,471,1.7356310896102856,1.9137137625177028,0.9616646848853228,0.7739664049140011,0.9952481569880146,0.9184655965889914
471,472,1.7420035601977282,1.917857928801391,0.9608413017032821,0.7811622541835475,0.9945327634528532,0.9233252115421376
472,473,1.7320960515352881,1.9172163043991994,0.9602060945436433,0.7718899562272721,0.9937664229991072,0.9234498997108411
473,474,1.7317238621664388,1.915687163502483,0.9595158168510778,0.7722080463304154,0.9928834573697236,0.9228037183567629
474,475,1.7301928296282485,1.9072293298729395,0.9586289454430292,0.7715638772524396,0.9921023880021047,0.9151269610150385
475,476,1.724503367366675,1.9088164771007279,0.957976636344796,0.7665267353697633,0.991585711755995,0.9172307678956096
476,477,1.7286712762997811,1.9108940920587314,0.9573776847870391,0.7712936032331259,0.9905300890995284,0.9203639478249065
477,478,1.7268460788288895,1.906518032995321,0.9564642656658212,0.770381819076684,0.9898192452677226,0.9166987589102681
478,479,1.7334522689763052,1.8977962536326909,0.9560186427170837,0.7774336305208056,0.9891109631223194,0.9086852800037901
479,480,1.7297572698536592,1.9030170550790884,0.9556121386205433,0.7741451159867541,0.9884740306664321,0.9145430609331293
480,481,1.7257268535157164,1.9058914528054707,0.9542732632791411,0.7714535956406093,0.9875879923165855,0.9183034341719191
481,482,1.723213273125726,1.9044523600804604,0.9534204429476812,0.7697928429669066,0.9867407327486297,0.9177116562501859
482,483,1.716645523371515,1.9046221108759864,0.952426879907667,0.7642186323311272,0.9861039282911915,0.9185181736440982
483,484,1.7246014419768438,1.8984367837340146,0.9521314804552671,0.7724699649242689,0.9850306369995667,0.9134061039251796
484,485,1.713088472574637,1.8952799413163783,0.9511968695321796,0.7618916092108641,0.9843588528996807,0.9109211207193844
485,486,1.7218946891631859,1.9032769668910463,0.9506933312519965,0.7712013506948521,0.9834372608338372,0.919839722650536
486,487,1.7110254799898856,1.894096457655147,0.9499449925861895,0.7610804798832534,0.9827466907642656,0.9113498174032922
487,488,1.7083405748593234,1.8980874376781915,0.9490915020394575,0.7592490728363042,0.9820432984727924,0.9160441530963122
488,489,1.7117136333176792,1.8911121980618621,0.9486927658368788,0.763020865931507,0.9811878725633782,0.9099243204472429
489,490,1.707288058469523,1.891956667576806,0.9476743144056643,0.7596137387707821,0.9804638425172385,0.9114928722381592
490,491,1.7088360871751862,1.892269820682073,0.946769281671117,0.7620668008767368,0.9797397283679348,0.9125300890813439
491,492,1.6987724208529325,1.8915857773716167,0.9459870472443545,0.7527853791852124,0.978921254711636,0.9126645837799977
492,493,1.7036947402353124,1.891245277453277,0.9456044225093087,0.7580903325942887,0.97806978372194,0.9131754580443189
493,494,1.6947352995677871,1.8896929871227781,0.9447044350958896,0.7500308684622524,0.9773784747568227,0.912314457231659
494,495,1.689832740653896,1.8899683802814806,0.9438023928180953,0.7460303412934265,0.9765591539063696,0.913409201043137
495,496,1.7021816662182416,1.8884421123286426,0.9435066672579333,0.7586749917768472,0.9757333477674904,0.9127087481698748
496,497,1.7018777629123232,1.887635185455872,0.9424908234312991,0.7593869452754635,0.9749371922117168,0.91269794788401
497,498,1.6911259495745163,1.8853877010992017,0.9417463240624132,0.7493796383461699,0.9742241201259322,0.9111635876914203
498,499,1.7015218130640082,1.883356646966126,0.9411132326457491,0.7604085755690119,0.9737299134165553,0.9096266758643975
499,500,1.6944277928273979,1.8839823241961204,0.9404630955910722,0.7539647066142765,0.9729191138077591,0.9110632060695503
500,501,1.6838605487077063,1.8871841785261187,0.9400238881963298,0.7438366573264897,0.9721506791094602,0.9150335341186847
501,502,1.6940285412566938,1.8843243955555609,0.9389417354598995,0.7550868069433535,0.9713441570431499,0.9129801948191756
502,503,1.6899220381595783,1.8791584037118039,0.9379238153417927,0.7519982238944828,0.9705370773703365,0.9086213352821642
503,504,1.692536549234811,1.8870448618622149,0.9375250521971255,0.7550114939514274,0.9697613437802105,0.9172835007057352
504,505,1.6841623833741,1.8832315358064942,0.9369342809412536,0.7472281011465631,0.9690699854644679,0.914161550291514
505,506,1.6850724153208325,1.8796192779379375,0.936050732451056,0.7490216929381287,0.9683841550249165,0.9112351213471365
506,507,1.6932256896720692,1.8762659164808564,0.9355739114761878,0.7576517810150201,0.9676615234148704,0.9086043616977789
507,508,1.6784820854499467,1.8739449483863377,0.9346788955602735,0.7438031841650958,0.9667727871971615,0.9071721314878787
508,509,1.6747011922040962,1.8747424945992939,0.9340340375111239,0.7406671495314008,0.9660683250528271,0.9086741495688083
509,510,1.6807671065035934,1.877519986184977,0.9331119134159161,0.7476551986478733,0.9653517222000381,0.9121682622675168
510,511,1.6760828188125823,1.8720564636133485,0.9323354504316207,0.7437473781452084,0.9645111920469899,0.9075452847248416
511,512,1.6817349106385704,1.870443730940253,0.9319309298990842,0.7498039753107951,0.9637520882537809,0.9066916774895232
512,513,1.675426628533083,1.8725850909443225,0.9311756156980827,0.7442509937585551,0.9630128565986278,0.909572188884525
513,514,1.6728844456230811,1.8721871709419509,0.9302203801213479,0.7426640594442839,0.9624626460721937,0.9097245338609663
514,515,1.6687081400130377,1.8765443142187797,0.9296049029785693,0.7391032221990597,0.9616061197499097,0.9149381474418156
515,516,1.6714779387767054,1.867163648948831,0.9287816437482176,0.7426963028653643,0.9608204292543864,0.9063432065359617
516,517,1.66894073804899,1.8680618278050827,0.9281900412820678,0.740750691909456,0.9600213847423004,0.9080404736985594
517,518,1.6716294653726032,1.8708227578866279,0.9277513200284628,0.7438781351566117,0.9593366869930494,0.9114861096365977
518,519,1.6655539348187265,1.8748778735176992,0.9267683035750055,0.7387856238342357,0.958658967533354,0.916218901665534
519,520,1.6763824448359321,1.8643637857194675,0.925890064870726,0.7504923877897541,0.9578353068586123,0.9065284936862477
520,521,1.6560357868408406,1.8637535606400442,0.925273645519224,0.7307621391846604,0.9570474024041224,0.9067061565184997
521,522,1.6564810707203539,1.8615293057288154,0.9246918060177278,0.7317892621095116,0.956300920904693,0.9052283533548905
522,523,1.6558101084504546,1.867462920031305,0.9238131057966236,0.7319969916033008,0.9555354101678072,0.9119275091310679
523,524,1.667331253371052,1.8664694146584657,0.923483835996611,0.7438474308413757,0.9547330912392018,0.9117362928845114
524,525,1.65942908140486,1.866979417356394,0.9225567892415709,0.7368722910886467,0.9541383720050424,0.9128410725017725
525,526,1.6528845357750241,1.8575551685135243,0.9217785774132723,0.7311059618712918,0.9532869091478445,0.9042682445402873
526,527,1.6560426745800043,1.858192522748042,0.9211629802721742,0.7348796936297575,0.9525756664700428,0.9056168901465707
527,528,1.6697312565350888,1.863814027632697,0.9207909887526092,0.7489402677413842,0.9518558371875245,0.9119581695835469
528,529,1.6490763070434742,1.8609461639897298,0.919883506359215,0.7291927928227255,0.951012805154768,0.9099333843184729
529,530,1.6470224200462809,1.856649987879446,0.9191753414869966,0.7278470934316787,0.9502015378515599,0.9064484795776464
530,531,1.6525545137170528,1.8557580911001916,0.9183674486085847,0.7341870524675492,0.9495082599631811,0.9062498139122785
531,532,1.6425389700414592,1.8551041688454353,0.9175573797579043,0.7249815987985041,0.9487179134861897,0.9063862727355149
532,533,1.6399475852396366,1.8563854494337308,0.9168779986113786,0.7230695759640237,0.9480342924594879,0.9083511568732181
533,534,1.6469912285871815,1.8824954966367302,0.9163952319992227,0.7305959908572173,0.9476387317908013,0.9348567482020895
534,535,1.6470036619089614,1.8720269159240237,0.9158297860681583,0.7311738830982356,0.9467010377827337,0.9253258956185842
535,536,1.644678332778675,1.8739338608111364,0.9149063353011178,0.7297719860736073,0.9461021612761384,0.9278317343380491
536,537,1.6435137233613146,1.8526223786301532,0.9141868752089903,0.7293268537001918,0.9450883138482854,0.9075340795062357
537,538,1.6486726688437874,1.8543196250826626,0.9137956019731365,0.7348770614419599,0.9443361711199001,0.9099834514118857
538,539,1.6433883794124653,1.85714808495368,0.9128815133023906,0.7305068629539545,0.9438503667964774,0.9132977058321743
539,540,1.6270218360049253,1.8501904431035963,0.9119879388293047,0.715033891171595,0.9429439488103835,0.9072465024004548
540,541,1.644168202530529,1.8516296094757014,0.9112794576053519,0.732888741267694,0.9419874917147524,0.9096421457448248
541,542,1.6346516034021867,1.8462844317747376,0.9106312894025562,0.7240203057271436,0.9412936112638247,0.9049908204098879
542,543,1.6318670453547905,1.8446639176142419,0.9097997215296508,0.7220673140485643,0.9403446243476059,0.9043193081425408
543,544,1.634331836680056,1.850880314434989,0.909253340915166,0.7250785016949441,0.9397286127179356,0.9111516590088101
544,545,1.6288243732068397,1.8519185838052783,0.9081468868998619,0.7206774933877007,0.9389054330223697,0.9130131550006947
545,546,1.6291153868521635,1.8411379729287098,0.9076585914884163,0.7214567896514983,0.9380551955457461,0.9030827990780442
546,547,1.6277681024148196,1.8598030210551568,0.9071067637885663,0.7206613375187347,0.9375506449048802,0.9222524312845731
547,548,1.6319439829020492,1.8459162443876267,0.9061519580195112,0.7257920307879347,0.9366272165108536,0.9092890157032821
548,549,1.6214660534494434,1.83925522237511,0.9054632612472729,0.7160027896337133,0.9358523314282046,0.9034028734696113
549,550,1.621812111573264,1.8427313901610294,0.9045917112164515,0.7172204035869042,0.9351044492701353,0.9076268831046961
550,551,1.6334982773610656,1.8425323312565431,0.9038376852878206,0.729660595344432,0.9342147431636261,0.908317592260191
551,552,1.6210252450305458,1.8430574774237003,0.9030377641443514,0.7179874835738278,0.9333139092235242,0.9097435708520776
552,553,1.621329571108626,1.836399919299756,0.9023196647098823,0.719009909834312,0.9324819536532386,0.9039179159675614
553,554,1.6192586023835143,1.8477026799977836,0.9018570645632694,0.7174015408366409,0.9319936487129179,0.9157090651534372
554,555,1.6226606254609197,1.8399701911514088,0.9007235349408185,0.7219370979994486,0.9309543367159568,0.9090158520361125
555,556,1.6134066741504658,1.8377392616817507,0.9002105368314628,0.7131961396162312,0.9301647460056564,0.9075745032500413
556,557,1.6197975528253354,1.837869156164638,0.8994946086926152,0.7203029417779586,0.9295811431892848,0.9082880276997211
557,558,1.617338383289838,1.8301651045427485,0.8989398542337502,0.7183985400449749,0.9285251359818345,0.9016399957113347
558,559,1.6205036572113394,1.83728590688463,0.8981026899104478,0.7224009576599307,0.9277547642841177,0.9095311641440553
559,560,1.607569215758624,1.83855015584978,0.8970468047733012,0.7105224088730236,0.9269588984675327,0.911591288068537
560,561,1.611410328106399,1.8371756885011317,0.8962950442156868,0.7151152845872777,0.9260768726720648,0.9110987844608598
561,562,1.6151915412710571,1.8373261795205584,0.8957615934530149,0.7194299573562649,0.9253641696299537,0.9119620195637315
562,563,1.6029755970883357,1.8289553937770553,0.8948030913987346,0.7081725124949851,0.9244386519415904,0.904516759312759
563,564,1.6125465652032642,1.8259568133596646,0.8944673325169895,0.71807923193834,0.9236782242686061,0.9022785916419352
564,565,1.6062491180255014,1.8318783665107468,0.8933653828605261,0.7128837315794091,0.9227801312329406,0.9090982782386117
565,566,1.6022213559188831,1.8391837077625728,0.8927196116981359,0.709501743004326,0.9220264294389952,0.9171572434700141
566,567,1.614083877089138,1.8285905502610287,0.892114136834468,0.7219697456587039,0.9209592092340275,0.907631368909852
567,568,1.5980510009597562,1.8456843508502185,0.8909007250703769,0.7071502752421281,0.920712875057075,0.9249714756921187
568,569,1.5947765741503444,1.828718414397563,0.8905490353843223,0.704227538441369,0.9194169001559079,0.9093015272991132
569,570,1.5972599037858708,1.8438837402452857,0.8896390983020148,0.7076208130988177,0.9190558041051283,0.9248279411913984
570,571,1.6044988768967356,1.828545028375367,0.8889688133075628,0.7155300602768905,0.9180089739419646,0.9105360072548107
571,572,1.5974410697694517,1.8238481002338862,0.8878214013096515,0.7096196782836353,0.9171973620936021,0.9066507679426064
572,573,1.595473279446051,1.819550676972179,0.8873413233255985,0.7081319594039683,0.9162660627546957,0.9032845695897684
573,574,1.5911984222407376,1.8430535700361608,0.8861881276963498,0.7050102817062114,0.9159232954352589,0.9271302869259301
574,575,1.590940459009303,1.841678092439296,0.8858002644100047,0.7051401992430689,0.9147977208181963,0.9268803636653948
575,576,1.5923087653440464,1.8302715288380444,0.8848115367680311,0.7074972220993936,0.9140632757190931,0.9162082959282196
576,577,1.584514267031685,1.8192616207619845,0.8844636603737824,0.7000506101551137,0.9128731770535646,0.906388406354492
577,578,1.5834000360814497,1.8274632660009094,0.8834729462664758,0.6999270839794394,0.9122596071938337,0.9152036796687013
578,579,1.5893247674758173,1.8219083983514268,0.8822989316520543,0.7070258350840473,0.9111937946182186,0.9107145592065181
579,580,1.58712509807078,1.8190265357999478,0.8820081422556453,0.7051169554987009,0.9103837863368504,0.908642751862437
580,581,1.5892094292005516,1.8195422124054472,0.8810961835386342,0.708113235088093,0.9095452706187458,0.9099969592639956
581,582,1.5879976204003146,1.8104423409296295,0.8802115471403834,0.7077860658566102,0.908346626162529,0.9020957104482893
582,583,1.5828173131786258,1.814039886452384,0.8796766724168301,0.7031406308701534,0.9075502293594813,0.906489659593267
583,584,1.5808252218311423,1.8112269016645723,0.8785482045454145,0.7022770149576782,0.9069557285409863,0.9042711881005158
584,585,1.5798542052753972,1.8261040541580167,0.8775044675532192,0.702349736415347,0.9063334894382348,0.9197705175411903
585,586,1.5924791910835083,1.8081649050874224,0.8770167018932594,0.7154624904970799,0.9052046914221876,0.9029602128317801
586,587,1.5759210451262076,1.8210057759689073,0.8761250330428031,0.6997960067492326,0.9046457962464478,0.9163599543904855
587,588,1.5758480925423233,1.8082596323247684,0.875204220455257,0.7006438682405448,0.9033509882829958,0.9049086317167444
588,589,1.5807601116963401,1.8071357018361658,0.8745711951034213,0.7061889157340268,0.9026211646653838,0.9045145154757015
589,590,1.5736440876637514,1.8141474139892448,0.8739050532235536,0.699739028781373,0.9016691114942906,0.9124782833507505
590,591,1.5709520140308342,1.813663361739304,0.8729683437928665,0.6979836801789245,0.9006446349923893,0.9130187772593256
591,592,1.56713058696356,1.80830813949391,0.8719280649878607,0.6952025346083991,0.8996703451972897,0.9086378563006046
592,593,1.5762602222176199,1.802538439631462,0.8711860904575907,0.7050741409160652,0.8990540676197764,0.903484402647463
593,594,1.5651898642008435,1.8097862859398632,0.8706616565741299,0.6945282120362409,0.8982676141847998,0.9115186420537658
594,595,1.5613692498673934,1.8078645374815343,0.869698426257295,0.6916708133403794,0.8975671351461088,0.9102973718006732
595,596,1.563321949284312,1.8027901694936268,0.8685682067802711,0.6947537519600729,0.8964302482746416,0.9063599055601379
596,597,1.5612117788013147,1.8135840802879657,0.8681233090734324,0.6930884741106976,0.8953966344312086,0.918187420272221
597,598,1.567915449271331,1.808079090764967,0.867033334221882,0.7008821162740894,0.8946658388537876,0.9134133015901356
598,599,1.5611989635889922,1.7935010576147143,0.86628850404393,0.6949104616964021,0.8936799895460322,0.8998210828940747
599,600,1.5612935753271058,1.8012718795214668,0.8657417140954513,0.6955518628590289,0.8928773968401602,0.908394508164818
600,601,1.554569935755906,1.7974201942904522,0.8649414038368831,0.6896285252615818,0.8915896310644634,0.9058305457486945
601,602,1.5616205444141311,1.7910410273883302,0.8639962785706228,0.697624261678498,0.8906312834408323,0.9004097422805883
602,603,1.5539535737405872,1.795225159141977,0.8627002426128787,0.6912533293400623,0.8898037568492404,0.9054214047931008
603,604,1.5547293995995581,1.8096054014007923,0.861758680589871,0.6929707201932322,0.8892099236532793,0.9203954899715165
604,605,1.5631707074296324,1.786837485584162,0.8613463640377393,0.7018243547383094,0.8881975752822423,0.8986399382857954
605,606,1.549158050286724,1.792760435201354,0.8606372584197907,0.6885207878806876,0.8874585730039467,0.9053018554792566
606,607,1.5491846254269064,1.7904529002763456,0.8598174940089922,0.6893671185365876,0.8863993512876963,0.9040535919494548
607,608,1.5472932917205129,1.8060537203893823,0.8590563089148615,0.6882369837220769,0.8860360764598443,0.9200175985693931
608,609,1.545454880297677,1.7915695033841215,0.8579296496153799,0.6875252474039809,0.8845821554883052,0.9069873461278818
609,610,1.5450157346938502,1.7895302749286264,0.8574680227208913,0.6875477157331802,0.8838824904066022,0.9056477720959711
610,611,1.540426053069799,1.7885807075237823,0.85636376183104,0.6840622957633532,0.8828037809769986,0.9057768959110066
611,612,1.548860000597464,1.7864670927241697,0.8555150542858222,0.6933449469404003,0.8818350216847355,0.9046320736913358
612,613,1.5485410949701246,1.8059901912838725,0.8547919673595518,0.6937491338632249,0.8814820153733431,0.9245081585342602
613,614,1.5412519489344614,1.7820314507363206,0.8536848635369089,0.6875670787914807,0.8798694145123838,0.9021620387243012
614,615,1.5366210850871076,1.796439166493335,0.8532755342032196,0.6833455554762895,0.8793425749419099,0.9170965783929421
615,616,1.5353121112804025,1.7932839709823414,0.852015578033381,0.6832965276128536,0.8784483434285147,0.9148356465970056
616,617,1.535220270106231,1.7963549299765442,0.8513423962630557,0.6838778704219902,0.8775613011445029,0.9187935990297188
617,618,1.5359079189972529,1.8004875045711712,0.8507479983538603,0.6851599166365993,0.8767087459816771,0.9237787653076447
618,619,1.5340382094318803,1.7825766827090312,0.8498598690921932,0.6841783285206744,0.8752808232933788,0.9072958619665291
619,620,1.535731349294513,1.7837342073856775,0.8487148164091883,0.6870165268812992,0.8744087413963625,0.9093254579830978
620,621,1.534573465125441,1.776315765916291,0.8478340134230097,0.6867394549489613,0.8737426038010646,0.9025731620142016
621,622,1.5225416664352618,1.7866717817419666,0.8470975781877726,0.6754440872879135,0.8728778691362526,0.9137938889911619
622,623,1.5280791698111005,1.7812206500162513,0.8461670173066003,0.6819121521325875,0.8720543770971945,0.9091662765054379
623,624,1.5251507418331887,1.7820762060456357,0.845622492326404,0.6795282556710819,0.8712444367045064,0.9108317624209291
624,625,1.528969022018503,1.7841491584555578,0.8448346825475793,0.6841343327723876,0.8703839742278648,0.9137651520260309
625,626,1.5179063569460531,1.791415434116024,0.843587431314895,0.6743189257092391,0.8693420763490564,0.9220733439770795
626,627,1.5229622531318558,1.789405832199727,0.8429429164855965,0.6800193415283828,0.8687242127070993,0.9206815958780757
627,628,1.5202287763143467,1.7682178690776986,0.8420546028210324,0.6781741759467046,0.8672928742432998,0.9009250113772134
628,629,1.524797654076301,1.785147522162583,0.8415009655958371,0.6832966985570352,0.8668763725686881,0.918271185280913
629,630,1.51580522998025,1.7741101928686691,0.8402174760706176,0.6755877598663982,0.865368544752315,0.9087415816925339
630,631,1.5149151333543522,1.782492392194473,0.8394082020115471,0.6755069197313238,0.8648208892699015,0.9176714600647911
631,632,1.5066573012125013,1.7659552485255872,0.8387106130761596,0.6679466794118063,0.8637056930337922,0.902249551071959
632,633,1.5186989853149346,1.775588496761807,0.837918700069863,0.680780279619123,0.86272665004609,0.9128618354767056
633,634,1.5202310707150937,1.7807790180384102,0.8373790596048278,0.6828520152978784,0.8621727230942855,0.9186062556707253
634,635,1.516077939427103,1.791114558607845,0.8363303494877534,0.6797475899188018,0.8615757263565468,0.9295388261140403
635,636,1.5139300104043658,1.7659240766602047,0.8354562314846735,0.6784737736060681,0.8600774033342378,0.9058466682747259
636,637,1.5121964273930122,1.76176836131993,0.8343490235840361,0.6778474169533126,0.8592166853405662,0.90255165610273
637,638,1.5022471167734823,1.7867173512103194,0.8335521209078867,0.6686949963094251,0.8586798928804317,0.9280374818939273
638,639,1.5087025980724529,1.7937902536432622,0.8326881755979694,0.6760144188601506,0.8580602457210169,0.9357300036034342
639,640,1.5106292980123606,1.7619793416584952,0.8322791906923335,0.6783501098473889,0.8563541566416368,0.9056251936544806
640,641,1.5061869184187087,1.7600971152721825,0.8312170094899295,0.6749699160814187,0.8558843287118411,0.9042127926975994
641,642,1.5133540926062463,1.783902918433739,0.8309732366597791,0.682380864368952,0.8554233027464252,0.9284796114695274
642,643,1.5059184011049318,1.7620931482921212,0.8301306204265214,0.6757877770209273,0.8540901352793483,0.9080029843974922
643,644,1.5040928783399652,1.7657880743681373,0.8294571187373886,0.6746357487308111,0.8534853813759351,0.9123026710950722
644,645,1.508024741948407,1.7523490457716635,0.8286317693582241,0.6793929833242792,0.8523301382186049,0.9000189111394398
645,646,1.4918988478722917,1.7616388458821732,0.8274591135439529,0.6644397365721431,0.8516829231532953,0.9099559532636303
646,647,1.502536240560339,1.7595035820694294,0.8268692472562301,0.6756669938301291,0.8507436966997082,0.9087599283305265
647,648,1.4922606153706457,1.7778616144495496,0.8262640569036466,0.6659965620566749,0.8507385080648681,0.9271230610245366
648,649,1.484932332935086,1.7733487486839294,0.8255849954540139,0.659347338709822,0.8495567536202527,0.9237919740000013
649,650,1.4958101403825006,1.7523444406056807,0.8246579208445693,0.6711522311843434,0.8480111863148414,0.9043332492395982
650,651,1.4883300604178507,1.764342090335943,0.8236205628068817,0.6647095028855527,0.8474052410257065,0.9169368388036551
651,652,1.492900733568362,1.7565410628157148,0.8230081533800484,0.6698925755856383,0.8468116181129116,0.9097294410153971
652,653,1.489956300576221,1.7491011017459934,0.8218351614389772,0.6681211434358139,0.8456251892750546,0.9034759227754706
653,654,1.4938671736676457,1.7494987597910023,0.8211426711253415,0.6727244994026222,0.8449295853406696,0.9045691892757254
654,655,1.4880402901523757,1.772276402934123,0.8211044318197317,0.6669358508019275,0.8442225384005045,0.9280539054739273
655,656,1.4867440859093168,1.7489501608125233,0.8199641240675412,0.6667799557596692,0.8432442956304146,0.9057058328794221
656,657,1.4836010495010687,1.7511029388439858,0.8190188893069237,0.6645821619283673,0.8425908278105623,0.9085120988094201
657,658,1.4830080329780084,1.747446937076116,0.8189289198353089,0.6640791136810481,0.8416708063018524,0.905776119636277
658,659,1.482818460898444,1.7654283077534982,0.8175999083064632,0.6652185551727666,0.8412533977274167,0.9241749397273791
659,660,1.489352450539115,1.7417288686259318,0.8169561037932452,0.6723963492362458,0.8399807223829172,0.9017481532642397
660,661,1.491730901084417,1.7456264901969392,0.8159258641051904,0.6758050437147487,0.8393525047069889,0.9062740222629854
661,662,1.486016084147762,1.7743002371262695,0.8150756092967082,0.6709404686847018,0.8388341328855288,0.935466126036846
662,663,1.4817029643604522,1.7483017324391057,0.8148807972439468,0.666822151857815,0.8374020236275964,0.9108996956025139
663,664,1.4713171067253634,1.7460146114987842,0.8139327876208174,0.6573843176949767,0.8370451172024517,0.908969487350876
664,665,1.4789785763307361,1.7342369751404907,0.8133341107852408,0.6656444763946586,0.8358582746426938,0.8983787049681453
665,666,1.4737032552450584,1.74652418524532,0.8124141871551092,0.6612890720145517,0.8349977642297745,0.9115264280620268
666,667,1.469587186490115,1.7549652611300097,0.8117074315645256,0.657879767815135,0.834765809799655,0.9201994619632171
667,668,1.4901340703443473,1.7476836469213841,0.8112799963336983,0.6788540713024679,0.8339229496101201,0.9137606824101028
668,669,1.4731604192412104,1.7864899620161219,0.8105784210376955,0.6625820006096456,0.8334772966423277,0.9530126486541861
669,670,1.4822388743571793,1.735553346397513,0.8101640741386534,0.6720747967747385,0.8322413698596469,0.9033119521656279
670,671,1.4743030744564185,1.7547823321011107,0.8092180290523971,0.6650850347891014,0.8318703598895315,0.922911938014677
671,672,1.4711904254692139,1.7734490147081472,0.8084332441928567,0.6627571749476787,0.8313433100611477,0.9421057002524198
672,673,1.4687508940696716,1.7393402630494812,0.8078563764107799,0.6608945173075268,0.8297976136712705,0.9095426320777101
673,674,1.470824051580571,1.7463705195208727,0.8069068372529051,0.6639172139578081,0.8298162233778986,0.9165543180653605
674,675,1.4688281190540011,1.7366955486899716,0.8064911852735087,0.6623369367681218,0.8286046401423923,0.9080909166043087
675,676,1.4620572692836376,1.7502789834293269,0.8058514457526814,0.6562058224501494,0.8284285199086545,0.9218504757951882
