,Epoch,Train_total_Loss,Val_total_Loss,Train_CTC_Loss,Train_Murmur_Loss,Val_CTC_Loss,Val_Murmur_Loss
0,1,9.064904282386305,9.251260427701272,8.39667677945086,0.6682274885685222,8.584345539545609,0.6669146131660979
1,2,8.982517759509332,9.149636766466044,8.315885073824344,0.6666326664195031,8.484423168634963,0.6652134719541517
2,3,8.871550055018329,9.01110190698656,8.206741912418877,0.6648081247476472,8.34774816804013,0.6633535724575237
3,4,8.711064860495952,8.815716355533922,8.048073519282228,0.6629912858501167,8.15449449894792,0.6612218868934502
4,5,8.477509925724457,8.512154394893322,7.816530301566948,0.660979628398546,7.853474550732112,0.6586797649577513
5,6,8.130113649026374,8.07642402002367,7.472076963865487,0.6580366489970085,7.420900904122045,0.6555231294389499
6,7,7.6475186879241654,7.489471136513403,6.992963737634026,0.6545549878019427,6.837877832832983,0.6515932626643424
7,8,7.03879907837377,6.824631980314093,6.388447985357168,0.6503510930494781,6.177765658750372,0.6468662805476431
8,9,6.389561599746174,6.162804931705281,5.743971340707567,0.6455902569345263,5.521493913359561,0.6413109767234931
9,10,5.782228551644748,5.580340623047392,5.142212347766016,0.640016193687094,4.945176447852183,0.6351642376285488
10,11,5.262331399481006,5.103451198642537,4.628593610389023,0.6337377378707818,4.47466334650072,0.6287878543643628
11,12,4.842281797875112,4.703598906630177,4.214493585698064,0.6277882409108915,4.081443164308192,0.6221557968753879
12,13,4.496180199945559,4.383661129515049,3.874851860134758,0.6213283457614017,3.7682117074222887,0.615449414212825
13,14,4.21693897523475,4.122461632550773,3.6017550672540595,0.6151839111368103,3.513594504534188,0.6088670863943585
14,15,3.98078187183984,3.9090775627200887,3.372261141520867,0.6085207222314152,3.3067444882150423,0.6023331211785139
15,16,3.78310608245757,3.7184125463841324,3.180506228151337,0.6025998588760322,3.1224465475244036,0.5959659758260695
16,17,3.613074190368063,3.560616169945668,3.0166112918980006,0.5964629023494604,2.97081826177694,0.5897978980662459
17,18,3.4641153453399776,3.422299515190771,2.8740136664149123,0.5901016659718222,2.8386118444345767,0.5836876240827269
18,19,3.3384291610202275,3.298435875520868,2.7533558940466634,0.5850732683872427,2.7205294455512097,0.5779063832961907
19,20,3.222670228982327,3.191549132233959,2.644551177545601,0.5781190633379288,2.619258150811923,0.5722909735421003
20,21,3.122308097750984,3.096550521204027,2.548446259443364,0.5738618295296607,2.5296351198422706,0.566915448035224
21,22,3.03521720007251,3.0109980874142406,2.4651725185686755,0.570044702182997,2.449097773988368,0.5619002746323408
22,23,2.954399162803772,2.9349007137751175,2.389883052757019,0.5645161039153318,2.377702808380127,0.5571978263935801
23,24,2.883546716392336,2.8677647008734235,2.3235873435652197,0.5599593773640392,2.315212985216561,0.5525517300023871
24,25,2.8177196957166855,2.806092575849113,2.2635326176405086,0.5541870826459759,2.2579104067915576,0.5481821755231437
25,26,2.76061656786734,2.75073490304462,2.2106472336647593,0.5499693291067617,2.2067548994290624,0.5439799791675503
26,27,2.7093269360769012,2.6999736834380585,2.162318611368578,0.5470083264836407,2.159693458524801,0.5402802091533855
27,28,2.6621525638746544,2.655722976943194,2.118958632655388,0.5431939151099027,2.1188874883166813,0.5368354745840622
28,29,2.622434750486985,2.61543746479487,2.079908793563022,0.5425259499213213,2.0817754575761698,0.5336619864075871
29,30,2.58310123063291,2.57868392346269,2.045355530384819,0.5377456993604325,2.0481517525042516,0.5305322111663172
30,31,2.547151073197009,2.5457874896162647,2.012116442578837,0.5350346232703294,2.0181471331644865,0.5276403086670375
31,32,2.5169045700266817,2.5167884964053915,1.9835099490124155,0.5333946276552691,1.991723732625024,0.5250647781258923
32,33,2.4886291299284458,2.489121997154365,1.9583711180316106,0.5302580083790762,1.9664262504900916,0.5226956960508379
33,34,2.4630114489080364,2.4644308235685704,1.9349136002735743,0.5280978593521203,1.9439744395724798,0.520456417738381
34,35,2.440106047889638,2.4432486372478937,1.913478354886955,0.5266276875781013,1.9247926606970318,0.5184559312917418
35,36,2.4194971157974523,2.422822160235906,1.8945883981312301,0.524908722762041,1.9062410289958371,0.5165811236632072
36,37,2.4008141764605564,2.4042538820686987,1.8764930342155073,0.5243211566119712,1.8894134820517847,0.5148403870857368
37,38,2.381767915482687,2.3878424943503687,1.8615342746830355,0.5202336321860732,1.8745466377775548,0.5132958824351682
38,39,2.3663674700148385,2.372678824602547,1.846247471174481,0.5201199927089363,1.8608535277641425,0.5118253406831774
39,40,2.3519027201562577,2.358768799345372,1.8338193122155746,0.5180834049489441,1.8483504764104293,0.5104183085894181
40,41,2.339729829315842,2.3463657088198904,1.8213026204032918,0.5184271971428519,1.8372012906155344,0.5091643962819697
41,42,2.3260994056148285,2.3352745848186944,1.8112274910689583,0.5148719154335292,1.8272128323377188,0.5080617797576775
42,43,2.315220151760272,2.3248924287699038,1.8005494246217209,0.5146707311658917,1.817870081481287,0.5070223278918509
43,44,2.3078287060722356,2.3153188818592136,1.7923072826382342,0.5155214250120614,1.8093315233618525,0.5059873492030774
44,45,2.2986702206249205,2.3067011800862973,1.7843821171693754,0.5142881010227025,1.8015754299648739,0.5051257942692708
45,46,2.29046073094035,2.299153651221324,1.7775362688602168,0.5129244522830102,1.7948101738751945,0.5043434346126298
46,47,2.280587674239296,2.2920733637728934,1.7695218720491328,0.5110658083380222,1.7884152254815828,0.503658145868172
47,48,2.2731559644137307,2.2855625411211435,1.7636742764786995,0.5094816795187107,1.7825180304252495,0.5030445300926596
48,49,2.2692253558068924,2.2793628450167382,1.7580153573894133,0.5112099968394191,1.7770081132145252,0.5023546944230289
49,50,2.263744512317066,2.273742872981702,1.7524543925667755,0.5112901113339702,1.771953501135616,0.5017893901315786
50,51,2.257630962596963,2.268914560544289,1.7476169131305819,0.5100140377295589,1.7676570851924056,0.5012574146359654
51,52,2.2528439468924537,2.2643382912975247,1.742755719462088,0.5100882232222055,1.7635148901050373,0.5008234231148736
52,53,2.250623115175545,2.25998218504049,1.7393122918686021,0.5113108233069427,1.759612786163718,0.5003694196878854
53,54,2.244140760055643,2.256126028804456,1.7361847863168396,0.5079559656841217,1.756109645811178,0.5000163571309235
54,55,2.2392045112847625,2.2524496547246384,1.7314609634369957,0.507743548012148,1.7528318219265695,0.4996178173412711
55,56,2.2377567466161428,2.249193007259046,1.7283522283840231,0.5094045180677381,1.7498723139197139,0.49932071415044493
56,57,2.2307103623097206,2.2459213070950264,1.7258310131256054,0.5048793449759549,1.7469083596084078,0.4990129384954097
57,58,2.231400659054074,2.243118694273092,1.7235922249259044,0.5078084488567304,1.7444061634904247,0.49871254765381245
58,59,2.2249885999360797,2.2405559038711806,1.7203700556915502,0.504618550047188,1.7420656390109304,0.4984902724371118
59,60,2.2266165422459565,2.238093166028039,1.7177078326104822,0.5089086985890535,1.739876073497837,0.49821708212464544
60,61,2.2235355711219986,2.2356665789070775,1.7163472161132594,0.5071883697208619,1.737652852979757,0.49801376472085207
61,62,2.2207222550334813,2.233546823566243,1.7141481148098558,0.5065741372483249,1.7357395838882963,0.4978072073500035
62,63,2.2210430238895236,2.2316756636409436,1.7118265728758504,0.5092164338358318,1.7340051267106655,0.4976705653182531
63,64,2.2160980555475973,2.2297755920280844,1.7101473676783567,0.5059506806693417,1.7323192018573568,0.4974564576553086
64,65,2.216959132979867,2.2279286966485494,1.709001670275613,0.5079574733890359,1.7305739051204616,0.49735475778579713
65,66,2.2126022980348616,2.2262824131270587,1.7070664012228265,0.5055359068064156,1.729043403722472,0.49723900435334545
66,67,2.213203203987168,2.2248475139423953,1.704590664801516,0.5086125304405688,1.727729615114503,0.4971179261045941
67,68,2.2111700662117406,2.2233461767940197,1.704398063684917,0.5067719899187809,1.7263393955715631,0.4970067697056269
68,69,2.2095894567623233,2.2219967300609005,1.7030350738510662,0.5065543883522768,1.725094891402681,0.4969018139071384
69,70,2.206634168261924,2.2206492415929246,1.7010548045736482,0.5055793722689776,1.723875898425862,0.49677329790794245
70,71,2.2050624100200653,2.2193996170819816,1.7008301669960844,0.5042322381089815,1.7227252333851184,0.49667434884329975
71,72,2.2032352916719633,2.2182501388808427,1.699530695330288,0.5037045945992341,1.721650421821465,0.496599726050587
72,73,2.202090629082126,2.2171163082122805,1.6981572064653787,0.5039334122607277,1.7206198263976533,0.4964964480723365
73,74,2.2032215157333686,2.2160598730636853,1.6973824336656338,0.5058390699692741,1.719636483111624,0.4964233536841506
74,75,2.203678587162883,2.215083580502009,1.696456766365249,0.5072218106059955,1.7186907974340149,0.49639282075025265
75,76,2.2012976062804115,2.214138862642191,1.6949408498838734,0.5063567591910196,1.7178130036693509,0.496325831999213
76,77,2.2005727613294446,2.213258612357964,1.6950527880642865,0.5055199776376996,1.7169643919346695,0.49629421537205326
77,78,2.20094370920883,2.212399582943674,1.693466913022853,0.5074767946243549,1.7161515652123145,0.4962479882321115
78,79,2.19791875908668,2.2115764116836805,1.692297692661843,0.5056210674604393,1.7153751704652431,0.49620126061520337
79,80,2.1989879860643913,2.2107969760894775,1.691643180534186,0.5073448071082652,1.7146322266530183,0.49616470953165476
80,81,2.1936258555642163,2.210039769997031,1.6905612640465022,0.5030645852054737,1.7139210090798846,0.4961187533402847
81,82,2.1941392762320384,2.209290191682719,1.6915491367004487,0.5025901330220917,1.7132213281372846,0.49606887142537004
82,83,2.195076690480253,2.208605958647647,1.689943535447581,0.50513316680237,1.7125654159966162,0.4960405257798858
83,84,2.1917452985781436,2.2079341540902346,1.6897881671465764,0.5019571291302294,1.7119320073370206,0.49600210149409407
84,85,2.19444575194029,2.2072662676795054,1.689529274684319,0.5049164842586128,1.7113120466975842,0.4959541965339143
85,86,2.1940156212841946,2.206697149600013,1.6880479766332308,0.5059676501084216,1.7107441081839092,0.4959531243574821
86,87,2.194014935748589,2.2060886334564724,1.6880436054067722,0.5059713231419176,1.710169990992142,0.49591862953315347
87,88,2.1914551551343324,2.205557039228536,1.6875607873350629,0.5038943669116109,1.7096437603740369,0.49591320490433
88,89,2.193060762633688,2.205025147583525,1.68707562992077,0.5059851239349589,1.709122528060008,0.4959026001267514
89,90,2.1899364734971583,2.2044789193040235,1.6859314650116346,0.5040050144690016,1.7086095074475822,0.4958694143820617
90,91,2.1927598111878033,2.2039682315567792,1.6857843546990985,0.5069754654310451,1.70812310808796,0.4958451220544718
91,92,2.1885938188086804,2.203471071437254,1.685015489367313,0.5035783404877879,1.707653622708078,0.49581745125479615
92,93,2.1905270635391294,2.202991454075959,1.6848016770847318,0.5057253841859362,1.7071927599987742,0.4957987458018933
93,94,2.1899533016669834,2.2025457050840735,1.6844109412523114,0.5055423686666115,1.7067570334773952,0.4957886510986393
94,95,2.1880173894889565,2.2021015385449942,1.684289256249484,0.5037281458639533,1.7063424146781534,0.4957591353836706
95,96,2.1912706090282223,2.2016946024813895,1.6833045762741166,0.5079660402827676,1.7059368856882644,0.4957577671034861
96,97,2.1897706476549255,2.2013015132839397,1.683298119312482,0.506472521668564,1.705557981992172,0.49574351048065446
97,98,2.1880101198921267,2.200920370877799,1.6827129198580373,0.5052972052942898,1.7051811052581012,0.4957392436973119
98,99,2.186685766755581,2.2005582809448243,1.68296501370865,0.5037207553153924,1.7048244722818924,0.4957337774462619
99,100,2.1888185048458397,2.2001900608256713,1.6821562997294077,0.5066621968644927,1.7044711157426995,0.4957189450829716
100,101,2.188298544302476,2.199841524382769,1.6822781086099523,0.5060204230680428,1.7041357610185268,0.49570582155453957
101,102,2.187320634402166,2.199532589669955,1.681271134459111,0.5060495036251954,1.7038253570007065,0.4957072233749648
102,103,2.185452706565268,2.1992204965171167,1.6818683219758175,0.5035843896688313,1.7035165313946998,0.4957039055177721
103,104,2.184873171031508,2.1989071611630715,1.6803078677729224,0.5045652976367464,1.7032115612999867,0.49569564906217284
104,105,2.186283258331854,2.198622177414975,1.6805568342371928,0.505726428993223,1.702944715952469,0.49567746792809436
105,106,2.1874954669566296,2.198330644025641,1.6806658214452315,0.5068296555057784,1.7026595014636798,0.4956711580187587
106,107,2.1884216378554413,2.198051217450934,1.6803632649807265,0.5080583783321728,1.702387229062743,0.4956639614145635
107,108,2.1834316784942343,2.1977961871583584,1.6796639391682915,0.5037677288219801,1.7021390240071184,0.49565718759924676
108,109,2.1874290525222837,2.1975204128330037,1.6800508318983647,0.5073782248485174,1.701870939691188,0.4956494408138728
109,110,2.187227671934108,2.197314510507099,1.6800385214515765,0.5071891616933332,1.7016697568408514,0.49564478599419026
110,111,2.183808787909254,2.197053730689873,1.6794789395671619,0.5043298444955703,1.7014184240567483,0.4956352613740048
111,112,2.1836266764868575,2.196819837214583,1.6791043776014005,0.5045222892198389,1.7011936531228535,0.4956261467125456
112,113,2.184820051819201,2.196607028023671,1.679026821799786,0.5057932245948337,1.7009979821867862,0.49560898653531477
113,114,2.183827106951352,2.196410150043035,1.6787635499577593,0.5050635633058332,1.7008063320386209,0.49560378931336485
114,115,2.182598663704604,2.1961886858536026,1.6784909052935608,0.5041077626192038,1.7005970878116154,0.49559165370666375
115,116,2.1859794904432177,2.196011041382612,1.6785991381231224,0.507380360539158,1.7004197985438978,0.4955912259675689
116,117,2.1840525146879943,2.1958171690924693,1.6789794799312332,0.5050730300225806,1.7002302836563628,0.495586846642575
117,118,2.184561214852057,2.1956848645614366,1.6785098977728043,0.5060513265640514,1.7000931129617207,0.495591679063894
118,119,2.1820009092698096,2.1954908492201466,1.6776189621285187,0.5043819431139498,1.6999082686537403,0.49558257945513323
119,120,2.1827427813576783,2.195307875487764,1.6776028834057328,0.505139895650608,1.6997425249067404,0.4955653545209917
120,121,2.1833478132796036,2.195182587736744,1.6781046210371586,0.5052431976834648,1.6996178586604231,0.4955647279650478
121,122,2.1831467531691318,2.195087823221239,1.6774936435108216,0.5056531159705505,1.6995183730529526,0.49556946198819046
122,123,2.183240256385782,2.1949245921636034,1.6772416256701033,0.5059986472195575,1.699366329888166,0.4955582442930189
123,124,2.1843271727596143,2.1947617021657653,1.6775022318398696,0.5068249374019856,1.6992147688138284,0.49554688415284887
124,125,2.182565906464692,2.194636774871309,1.6774556872204267,0.5051102173045664,1.6990998433808149,0.49553688734264695
125,126,2.1807770782981994,2.1945037332631774,1.6772299240257487,0.503547169165393,1.6989669023934058,0.49553682834415114
126,127,2.183415190396359,2.1944110466262043,1.6758993190096283,0.5075158785866297,1.698873312594527,0.4955377300917092
127,128,2.183095982241749,2.194288279646534,1.6763608711435198,0.5067351175748507,1.6987565375990787,0.4955317757897458
128,129,2.1802368132501297,2.1941944170806367,1.6765902779474484,0.5036465302397386,1.6986705683045469,0.49552384231050134
129,130,2.1834261038654494,2.1940945625305175,1.676608208786764,0.506817902607347,1.6985666658918737,0.4955278991642645
130,131,2.181077498463853,2.1939703068490757,1.676207484425725,0.5048700166682282,1.6984546956369433,0.4955156022209232
131,132,2.179827249977251,2.1938911728939767,1.6763490783004424,0.5034781734192496,1.6983949782484669,0.4954962011110985
132,133,2.183733549554639,2.193766112246756,1.6770313329217976,0.5067022136575401,1.6982795658758132,0.4954865528365313
133,134,2.1813214081660597,2.1937136375297936,1.6760571983330037,0.5052642217671351,1.6982372223320654,0.4954764683367842
134,135,2.1804153978397225,2.1935866606437555,1.6772453431194156,0.5031700557723469,1.69811981694173,0.49546684622764586
135,136,2.180321808224282,2.193547404014458,1.6761053441574214,0.5042164535464598,1.698085591348551,0.4954617918547937
136,137,2.182569305606133,2.1934146751791745,1.675925880062337,0.506643424491756,1.6979721133991823,0.495442553900056
137,138,2.180626118571076,2.193314137701261,1.6758738032902267,0.5047523184369692,1.6978896011740474,0.4954245053105435
138,139,2.1791158553584795,2.193177839052879,1.6754294819287416,0.5036863683667948,1.6977717541031918,0.49540606302730106
139,140,2.18050082230923,2.1929373304722675,1.6758600218941742,0.5046408068916776,1.6975463341858428,0.49539097800093185
140,141,2.18046379917837,2.192030618958554,1.675481633724459,0.5049821596512529,1.6966800713943222,0.4953505568585153
141,142,2.1807888110434885,2.1914670127933307,1.675723387730825,0.5050654276852048,1.6961320557836759,0.4953349466040983
142,143,2.180823378449833,2.1920205585027146,1.6758499689938544,0.5049734164586202,1.696686024989112,0.49533447643457834
143,144,2.181502952670367,2.1911352820315604,1.6750087371795663,0.5064942086525406,1.695816449795739,0.49531887608059383
144,145,2.177505923974468,2.1914137104810294,1.6747386612684374,0.5027672718127525,1.6960937524245958,0.4953199206772497
145,146,2.18078089049687,2.191382528563677,1.6746013562980437,0.5061795396234078,1.696075734041505,0.4953067790653746
146,147,2.178522879289647,2.1912248312416724,1.6741482815029736,0.5043745858525941,1.6959356586811907,0.49528913376695016
147,148,2.1797256972733217,2.1907765889571884,1.6748866537165654,0.5048390372445158,1.6954932588641927,0.49528329635070545
148,149,2.1791618427912045,2.1908559783030364,1.674510697994979,0.504651143727747,1.6955880678306192,0.4952679183523534
149,150,2.18091183858094,2.191291523787935,1.6747295490234384,0.5061822951793408,1.6960255727929585,0.49526596534050116
150,151,2.1783523972496037,2.190415365413084,1.6744621800113895,0.503890201276794,1.6951750949277715,0.49524027806217386
151,152,2.1789161501441026,2.1908763982481876,1.6738992328480733,0.5050169262219317,1.6956474740626448,0.49522891913430167
152,153,2.1783026122152642,2.190597581863403,1.674658170669564,0.5036444185651999,1.6953767958333936,0.49522077451318
153,154,2.177539860682795,2.190918304152408,1.6739234752702372,0.5036163729853349,1.6957115347102536,0.4952067941932355
154,155,2.178969787880655,2.190443039748628,1.6742896592492105,0.5046801307190865,1.6952536376856142,0.4951894164085388
155,156,2.178551300546443,2.1905116986420197,1.674765606513026,0.5037856842034177,1.6953191935005834,0.4951924739247662
156,157,2.1795119142506048,2.190275067798162,1.6743941077591633,0.5051178082338829,1.695110154960115,0.49516493617478063
157,158,2.180293484544202,2.190660869469077,1.674608166350624,0.5056853264455169,1.6955020718655345,0.49515880800909917
158,159,2.180980428173867,2.190286348633847,1.6744963074677304,0.5064841415661182,1.6951304779214373,0.4951558850579343
159,160,2.182916526562985,2.190153209233688,1.6752976337586458,0.5076188963220978,1.6950212462473724,0.49513193601268835
160,161,2.1782217303232403,2.1900283393213305,1.6741193746639362,0.5041023445964451,1.6949008965896348,0.49512743515483404
161,162,2.178262238073796,2.1903837996014093,1.6731988033798606,0.505063453269018,1.6952598442465572,0.4951239890971426
162,163,2.1776818662339394,2.1899474402605477,1.6735779336980872,0.5041039495328744,1.6948446847624699,0.4951027554980779
163,164,2.1780013135961585,2.190483321981915,1.6738015973495635,0.5041997141425149,1.6953933679451376,0.49508993575128457
164,165,2.1782921487563103,2.19007120859825,1.6734702299131718,0.504821921802001,1.6949914960537926,0.4950797825546588
165,166,2.176355639414043,2.189966925928148,1.6734213455566305,0.5029342999723954,1.6949072389279383,0.4950596687147173
166,167,2.1774319950809677,2.190079698724262,1.6740278336992596,0.5034041778609296,1.6950303683846684,0.4950493252883523
167,168,2.177397043351238,2.1900522474515234,1.6739648385923735,0.5034321865454209,1.6950308666390888,0.4950213240364851
168,169,2.176647441925032,2.18997491739564,1.6742026411362663,0.5024448016435483,1.6949685787750504,0.4950063411462105
169,170,2.1789330188174705,2.1897921610686737,1.6732171022359403,0.5057158969544076,1.6948121382018266,0.49498003832364484
170,171,2.177360955220984,2.1899512412184374,1.673429248087063,0.5039316997696403,1.694979165368161,0.49497208767018075
171,172,2.180984708530365,2.189912966550407,1.6741764793327614,0.5068082247921859,1.6949473494190281,0.4949656157170312
172,173,2.1794989715277393,2.1899966741012316,1.6739473399442661,0.5055516445367164,1.6950479026568137,0.4949487146684679
173,174,2.1775218736908415,2.1899168846970896,1.6741649020263916,0.5033569471387658,1.6949827109353017,0.4949341855816922
174,175,2.1760860407345874,2.1898086467031703,1.673386050270068,0.5026999832646201,1.694905916310973,0.49490272534095636
175,176,2.1768766814545906,2.189701994394852,1.6733538736247648,0.5035228183502265,1.6948131205671924,0.49488880917177364
176,177,2.176485335570439,2.1899221493025958,1.6737427307108919,0.5027425999445476,1.6950596482066784,0.4948625348382077
177,178,2.179389615250896,2.1896972179412844,1.6740451066190212,0.5053445030264742,1.6948691675218486,0.49482813588643476
178,179,2.1777558466774023,2.1897087081003996,1.6736930334561448,0.5040628081418767,1.6949071354785208,0.49480160777851684
179,180,2.1771238306511584,2.189718320006031,1.6739568768189352,0.5031669441994816,1.6949461641958203,0.49477217662132394
180,181,2.1787106773830947,2.1897946099103507,1.6738827228546143,0.5048279580133631,1.6950358261496334,0.49475877476950825
181,182,2.177069569843879,2.189693326465154,1.6739094270505237,0.5031601443878538,1.6949723348779193,0.4947209643105329
182,183,2.1780322884171954,2.189723226579569,1.6736115044937303,0.5044207844330472,1.695037734710564,0.4946854882321115
183,184,2.1770763039523175,2.1896631588370115,1.6737005817120862,0.5033757294401304,1.6949897353932009,0.494673428798126
184,185,2.17636336612228,2.1894965802208852,1.6733520355135185,0.503011337611403,1.6948783967454555,0.4946182107521316
185,186,2.1763855189956227,2.189473827814652,1.6735685829687565,0.5028169433911466,1.6948868844468714,0.49458689952300766
186,187,2.1760125371940346,2.1894488100278173,1.6731587812115458,0.5028537579221878,1.6948956727981568,0.4945531684463307
187,188,2.1779691547040314,2.18948775792526,1.6740187188241604,0.5039504493755723,1.6949689246840396,0.4945187905077207
188,189,2.1780917843073295,2.189287600274813,1.6737474111713762,0.5043443742044316,1.6948219788276544,0.49446557083372344
189,190,2.1768985771698905,2.1894845033096053,1.674052273641945,0.5028463121086474,1.6950527736696146,0.4944317633822813
190,191,2.1766531425356144,2.189285468246977,1.673546798901208,0.5031063416947071,1.6948957111875889,0.49438976493932435
191,192,2.1752892628073757,2.1894674220327603,1.673235441661315,0.5020538118420815,1.695133611711405,0.49433383507243656
192,193,2.1761909759445737,2.1892673330791927,1.6739471327581263,0.5022438507151091,1.6949832483873528,0.4942840835805667
193,194,2.1763425853064358,2.1894391989303847,1.6735496435517838,0.5027929528010726,1.6952204263816446,0.49421876214318355
194,195,2.1774984634323666,2.189310089208312,1.6742189483490033,0.5032795298283624,1.6951635397086708,0.494146508180489
195,196,2.176786148936066,2.1892695047087587,1.673905466711462,0.5028806668056418,1.695161781472675,0.49410772970167255
196,197,2.1746034225047257,2.1891193204006907,1.6734799718699005,0.5011234466074845,1.6950899499957843,0.4940293858617039
197,198,2.1743548247804974,2.1890548528251,1.6729717123133665,0.501383102834389,1.695099037784641,0.4939558380741184
198,199,2.1745199795526755,2.188911171282752,1.6729801133792832,0.5015398728472714,1.6950759071414754,0.4938353316258576
199,200,2.175619837597333,2.188853783526663,1.6735031249703325,0.50211672456108,1.6950706894114866,0.4937830333992586
200,201,2.1735301673313696,2.188836655374301,1.6737863912940092,0.4997437802455206,1.6951320922980875,0.49370461116402836
201,202,2.1731355824131238,2.188768647080761,1.6736006028600905,0.4995349863912937,1.6951872983221281,0.4935813265331721
202,203,2.173739971407066,2.1886756331233657,1.6728751730406015,0.5008648081635877,1.695201574745825,0.4934741022223133
203,204,2.173518857308928,2.188673157611136,1.6737472093111891,0.49977163609653563,1.6953206430047245,0.4933525458230811
204,205,2.174022424175012,2.188621289851302,1.6737560528257047,0.5002663699685048,1.69535714771788,0.4932641356678332
205,206,2.1728440529065307,2.188477026405981,1.6736518850789435,0.4991921664303466,1.69531823820987,0.49315877526493396
206,207,2.173845253264253,2.1883914567656437,1.6735230784881727,0.5003221757294918,1.6953929319220074,0.492998510801186
207,208,2.1749374696844135,2.1882871045904646,1.6740855173846338,0.5008519549298799,1.695429742538323,0.4928573915513895
208,209,2.1726205961781844,2.188287279161356,1.6732119932006355,0.49940860702132756,1.6955343573780384,0.4927528908697225
209,210,2.172301955730693,2.18801597498231,1.6745882480103733,0.4977136914136984,1.6955330816365906,0.49248289839696074
210,211,2.170867606150926,2.187837619296575,1.6732617189262167,0.49760589143287,1.6955886606442727,0.4922490193682202
211,212,2.1694946385061153,2.187638682025974,1.6727841572411732,0.4967104782732034,1.695575516506777,0.4920632172439058
212,213,2.1695703504102637,2.1875446319580076,1.6734693897276771,0.4961009704961477,1.6956738322468128,0.4918708399190741
213,214,2.169620701573662,2.187305212020874,1.6730917704677424,0.49652892042113744,1.6957604335526288,0.49154472532918897
214,215,2.169267476624175,2.187078849339889,1.6737955589683688,0.49547191732704343,1.695792062403792,0.49128677400492005
215,216,2.166600722340806,2.1868177139152913,1.6730970726839034,0.4935036714045435,1.6958422927533165,0.4909754419730882
216,217,2.1660438399254387,2.1865736298641916,1.67357747211551,0.49246637816594835,1.6959504770020306,0.4906231708445791
217,218,2.1681546533692955,2.1862987219277077,1.6736451839782622,0.49450947325399286,1.69600988121356,0.4902888536453247
218,219,2.1633174414142875,2.1858851093356892,1.6734476270296925,0.4898698196447954,1.6960849066912118,0.48980014697980073
219,220,2.1629414956870816,2.1854788755966443,1.6734735561350862,0.48946793412741413,1.6961606542942889,0.48931819937996945
220,221,2.1616098916274176,2.1852276228242,1.673333361144889,0.48827654241660784,1.6962642835358441,0.48896335110826006
221,222,2.157254242463067,2.1847146478749937,1.6735808923635047,0.4836733571350805,1.6963386648792331,0.48837598946134925
222,223,2.159920492819246,2.1841019711251985,1.6733554654271314,0.48656500704171446,1.6964233358027572,0.4876786122887822
223,224,2.1593057084859435,2.183482409331758,1.6742761581560819,0.4850295453984239,1.6964959088018385,0.48698649042743747
224,225,2.154266124131991,2.1829125258882165,1.6740240894229255,0.48024202699958457,1.6966171608132832,0.48629537659176325
225,226,2.1542271794499577,2.1821569232617395,1.6746282184314676,0.479598952240531,1.6966480865316875,0.4855087810653751
226,227,2.152512786536998,2.18134050207623,1.6735372344104875,0.4789755594907909,1.696681093361418,0.48465938790369845
227,228,2.149192765872911,2.1806265693599896,1.6736434202988504,0.4755493339851819,1.6967731059607813,0.483853523003853
228,229,2.1491500178030427,2.1796285281747076,1.6738011569392925,0.47534886102813156,1.696849470623469,0.48277907836235173
229,230,2.1448486218186815,2.178834348613933,1.6736812924260405,0.47116733254876114,1.696906064728559,0.481928292876583
230,231,2.1424771457236576,2.1776291928048863,1.6738395523249083,0.4686375806098871,1.6969250133482077,0.48070424805253237
231,232,2.142682221339542,2.1767526618504927,1.6744320852218644,0.46825011981105646,1.6970335895732298,0.479719108545174
232,233,2.1399463631471614,2.1757544137663762,1.6737545694492169,0.4661917998129271,1.6970662593841552,0.47868813892542306
233,234,2.134685620377883,2.1739818556834076,1.6741345094437765,0.4605510972740239,1.6969964079937692,0.4769854656720566
234,235,2.1319064606110563,2.173142265061201,1.674050936893541,0.457855526692816,1.6970923023708797,0.476049958750353
235,236,2.129212222175577,2.1714581174365546,1.6734150013605402,0.4557972182835654,1.6970432087526484,0.4744149162607678
236,237,2.127286477109969,2.170411523721986,1.6732150294540078,0.45407144994086085,1.6970598418833847,0.47335166890742414
237,238,2.1258535500856244,2.1690879134808556,1.6742343629057475,0.4516192001331201,1.6970012883008536,0.47208663164559056
238,239,2.12414973149034,2.1674204470747607,1.6735596105793333,0.45059011846172564,1.6970209255056865,0.4703995631913007
239,240,2.120341986105446,2.1668447268211235,1.6728513836531895,0.44749060597001555,1.6970315710972932,0.4698131636037665
240,241,2.121147993908886,2.1653231580378645,1.6743318142314938,0.4468161912498327,1.697012101189565,0.46831106836512937
241,242,2.114428200513963,2.163369025214244,1.6741016031429377,0.44032659105878474,1.6969368651761847,0.46643214599560884
242,243,2.113983038703973,2.1624356399148197,1.674172116982891,0.43981092242792175,1.6969005071510703,0.46553511730695174
243,244,2.1108964594174537,2.1609454963166836,1.6732048794372398,0.4376915813938926,1.6968420853049069,0.4641033775725607
244,245,2.1075444471356097,2.1594591682240116,1.6738982433386422,0.4336462030243755,1.6967747292276156,0.4626844325308072
245,246,2.1088875219825876,2.1582398042840474,1.6733097055638224,0.4355778109941835,1.6966652369095108,0.4615745985912064
246,247,2.1059454281686487,2.156746615393687,1.672945582136816,0.43299984182367257,1.696594414468539,0.4601522034507687
247,248,2.106453236465749,2.1555172629275563,1.6731507731483446,0.43330247101044694,1.696531759278249,0.45898548708123676
248,249,2.105523745394253,2.1543427976511293,1.673714561746453,0.4318091745410778,1.6964897588147956,0.45785307116427665
249,250,2.101473703873598,2.153699688992258,1.6741365203526029,0.42733717283621325,1.6964464955410714,0.45725316223451645
250,251,2.1025913022068146,2.1519541522203864,1.6738028296829914,0.42878847025536204,1.6962921397160675,0.4556620617034072
251,252,2.096702411565344,2.1509791406534484,1.6731454310861662,0.42355697442994744,1.6961560366517408,0.45482310117301294
252,253,2.0959218317674657,2.1499641774064404,1.6732286093843884,0.4226932354349493,1.6960681777889446,0.4538960190142615
253,254,2.09625945469982,2.1492250701128426,1.6729550303771097,0.4233044252103689,1.6959699461015605,0.45325514199370043
254,255,2.095771786394661,2.1482763686422572,1.6725819567850264,0.4231898355931126,1.695861978450064,0.4524143747353958
255,256,2.094135283766303,2.1474118507514564,1.6731973140198948,0.420937966064268,1.6957652803194725,0.45164656396639546
256,257,2.091492439328934,2.1469575380874892,1.6730278768528908,0.41846457597174436,1.6957104800111156,0.4512470940412101
257,258,2.0929073640409914,2.1464089555255437,1.672650614760557,0.4202567421627255,1.695584970005488,0.4508239388465881
258,259,2.091421346669689,2.1449151055287508,1.672713735520478,0.41870760362054915,1.6954023235935276,0.4495127068737806
259,260,2.0891379371112837,2.1440676769967806,1.6728942648061256,0.41624368693509023,1.6952451326079288,0.4488225365089158
260,261,2.0880854896465455,2.1435413190874004,1.6723443282880115,0.4157411673420119,1.695143443042949,0.44839796545141836
261,262,2.085828381615716,2.142940349902137,1.6733023827732167,0.41252599594938905,1.695092777478493,0.44784757888923254
262,263,2.0871968737505973,2.1424404710026113,1.6736473492082153,0.4135495274354921,1.694976479320203,0.447463977639958
263,264,2.0845488768155183,2.1420597092579987,1.6719586002320397,0.41259027648484975,1.6948845572390798,0.4471751466646033
264,265,2.0849719532799864,2.1413465928223174,1.6715892784120756,0.41338268407326145,1.6947669138342647,0.4465796649456024
265,266,2.0830208120330287,2.1406682289252847,1.672387004621898,0.41063381224393974,1.6946455369561406,0.4460226930804172
266,267,2.0841901394391154,2.1403485209254893,1.6724880468891394,0.4117021001608281,1.6944839695752678,0.4458645564014629
267,268,2.0788376168263136,2.1395281177456096,1.6721031767060859,0.4067344401202278,1.6943642276828572,0.44516392521939036
268,269,2.0774697400033637,2.139541739124363,1.671974710713285,0.4054950305229383,1.6942925942146172,0.4452491876432451
269,270,2.0782918586825643,2.138653507071026,1.6718988711177745,0.40639298772917093,1.6941119662785935,0.4445415511979895
270,271,2.0791277110872515,2.1385964231976007,1.6716486756734539,0.40747904839991733,1.6940647949606686,0.44453164399680445
271,272,2.0762066785893385,2.138820083262557,1.670988696553861,0.4052179744739396,1.6939917697744855,0.44482831995365985
272,273,2.0752035670693383,2.137899462651398,1.6716202454743172,0.40358332389635865,1.6937818616123523,0.4441176254870528
273,274,2.076060284518827,2.1371645450592043,1.6709972579243824,0.4050630341395448,1.6937280481144534,0.44343651634151654
274,275,2.07140023091585,2.1373604685573255,1.6715572758136503,0.3998429522090897,1.6936041431911921,0.4437563278917539
275,276,2.073568158036625,2.135938192626177,1.671555462754108,0.4020126972222157,1.6934242341477992,0.4425139789864168
276,277,2.0724331718482696,2.1354056091631874,1.6713434513011034,0.40108971850883873,1.693349880687261,0.44205574029583045
277,278,2.072192635512523,2.1360719009981315,1.671208794249794,0.4009838354765087,1.6932768482272909,0.44279505529646146
278,279,2.0703361794492254,2.1350213357957744,1.6710051105486643,0.39933107082382197,1.6931028826762053,0.4419184502908739
279,280,2.0737730822902454,2.1348787833068332,1.6710973411256018,0.40267574126327227,1.6929887436204036,0.44189006554878363
280,281,2.067184885364833,2.134411198405896,1.6708277937988516,0.3963570766566014,1.6928584240250668,0.44155281206308783
281,282,2.064650230360373,2.1347153906094825,1.6706393141807014,0.3940109266836342,1.6927846072083812,0.4419307758242397
282,283,2.067408024574339,2.1341684131299035,1.670898705112691,0.3965093224369487,1.6926830004837554,0.4414854348716089
283,284,2.0708860622475442,2.1336602170588606,1.6702767077954646,0.4006093640026307,1.6924909749273527,0.4411692525370646
284,285,2.066173237723273,2.1326994055408544,1.670594732207747,0.395578501833386,1.6923899743516566,0.4403094092668113
285,286,2.0637698061743692,2.1330775632696635,1.6698691295249253,0.3939006781288753,1.692280638824075,0.440796985464581
286,287,2.06133238676169,2.1326136960821636,1.6707238816978256,0.3906085057542657,1.6921837026790036,0.44043004401659563
287,288,2.0638172730384317,2.1326423596527615,1.6700000236919421,0.3938172460917406,1.6921282513666962,0.44051410070920394
288,289,2.06371630559754,2.132349702867411,1.6702614278340957,0.3934548617362713,1.6920387975240159,0.4403108417987823
289,290,2.0662295763096754,2.1315652572502524,1.669437303046002,0.3967922797402952,1.6918825080839255,0.4396827286582882
290,291,2.0586443299821116,2.131811775595455,1.6690512130882487,0.3895931228444646,1.6918122857303943,0.43999946117401123
291,292,2.060847006906677,2.1313288518937967,1.6702424611955864,0.3906045606040323,1.6916497008275178,0.4396791395494493
292,293,2.0586675119478928,2.1303773556725454,1.669871173375756,0.38879633822693593,1.6915436833591784,0.4388336902957852
293,294,2.0578847060332426,2.129704566729271,1.6694796356257982,0.3884050756018923,1.6913446701179116,0.4383599081281888
294,295,2.0560224578318778,2.129564950425746,1.6695432584060863,0.3864792021380823,1.6912419254496946,0.4383230662952035
295,296,2.0551070100486575,2.1292136976274394,1.670139190773246,0.38496782154387293,1.691161902072066,0.4380517837354692
296,297,2.057078504720184,2.128820219686476,1.6691743988919772,0.3879041083761164,1.6909796993611224,0.43784050203986086
297,298,2.0528616673763587,2.1287738767720885,1.6692207617057468,0.38364089881591357,1.6909641936673956,0.4378097193726039
298,299,2.056707727402794,2.128084843037492,1.669505712082553,0.3872020093532011,1.6908011299068646,0.4372836628202665
299,300,2.0516886918898516,2.12785060526961,1.669644309089648,0.3820443845426451,1.690636406106464,0.43721424725096103
300,301,2.053976516071368,2.1277007692951266,1.6698531270750439,0.38412336672266345,1.690607522705854,0.4370932609347974
301,302,2.050220536580746,2.1267719939603644,1.6688590558010508,0.3813614766701637,1.690367465100046,0.43640455583394583
302,303,2.055112823885051,2.1270263987072444,1.668985111175554,0.38612771997514905,1.6904093152385646,0.436617109331034
303,304,2.0493818550430736,2.126699051614535,1.6691629950407125,0.3802188674570511,1.6902694007097665,0.43642967959581797
304,305,2.0500979039528326,2.1258466470039497,1.6683655865469889,0.381732327745425,1.6900383391622769,0.43580829097052753
305,306,2.047146780610545,2.125735775899079,1.6681227200082567,0.3790240618515856,1.6900471606497036,0.4356885477647943
306,307,2.0497847734994146,2.1258586099592307,1.6680339028410536,0.38175086119000057,1.6899320978229329,0.43592649415387946
307,308,2.043748022243586,2.1255249322470973,1.6677121613739738,0.37603586315451176,1.6898311324038748,0.4356937750921411
308,309,2.0474197838888992,2.1250841544846355,1.668560864382269,0.37885891766556046,1.6897162546545772,0.43536796731463934
309,310,2.0442777576856828,2.124336610406132,1.6673698940135073,0.37690785525585496,1.6895687046697585,0.434767935538696
310,311,2.0465212302252658,2.1242011603662525,1.668364201799257,0.3781570214233672,1.6894711611634594,0.43472997839167965
311,312,2.0407647856414086,2.124402859251378,1.6677542325218147,0.37301055530586497,1.6893348386732199,0.4350680450261649
312,313,2.044378865179408,2.124262353121224,1.6677762991278722,0.3766025522106337,1.6892425104723139,0.4350198103209673
313,314,2.044384330922046,2.124499459994041,1.6672434892959511,0.3771408395220151,1.6892322176593846,0.43526719960115723
314,315,2.0413584435637064,2.1232321399753378,1.6671462050473171,0.37421222939322946,1.6889818365291014,0.43425026859267285
315,316,2.040235205638231,2.1240500207674704,1.6673855814431429,0.3728496207923963,1.6890384274013972,0.4350115958916939
316,317,2.0419988640749973,2.1224089703317417,1.6669921960478256,0.3750066717093121,1.6887884657261736,0.43362049672563197
317,318,2.039204315526408,2.122479030641459,1.667489995827546,0.3717143274083429,1.6886721029119975,0.43380692015259953
318,319,2.037677509509853,2.121608389838267,1.6667198403658816,0.37095766467280106,1.6885424884699158,0.4330659390506098
319,320,2.0372726751570536,2.1217985015804484,1.666565517661194,0.3707071688052902,1.6885139428963096,0.4332845446416887
320,321,2.034646695316397,2.121417605674873,1.6668972427912068,0.36774945347860116,1.6883468442044016,0.4330707848072052
321,322,2.033381883702223,2.1215669874417578,1.666822771242292,0.3665591084325899,1.688319768744,0.43324721506086444
322,323,2.034996750469176,2.1206955788499218,1.6668937453497725,0.3681029965058257,1.6881218320232327,0.4325737223786823
323,324,2.0345337881413337,2.120071445885351,1.6663695191784715,0.3681642673190496,1.6880570326821278,0.43201444300554565
324,325,2.0344333039813454,2.1198491072250625,1.666020459387096,0.368412839432678,1.6878517530732235,0.4319973853685088
325,326,2.0356063059003593,2.119768001265445,1.665950551324961,0.3696557483289101,1.6878259969969927,0.43194204053636326
326,327,2.031157887711817,2.119109389741542,1.6658233461364225,0.36533454483014344,1.687729794696226,0.43137958716537994
327,328,2.0322414328232696,2.118505393044423,1.6661265718956646,0.36611486645081526,1.687564122878899,0.4309412985534991
328,329,2.030343495477844,2.1184058254047975,1.6663415726547537,0.36400191528620934,1.6876274795855506,0.43077835986169716
329,330,2.0301481124385576,2.118214606430571,1.6659182878206005,0.3642298229577064,1.6874792668779017,0.43073538622613683
330,331,2.026639685470362,2.117361137422465,1.6655165507394967,0.361123150700505,1.6873288461717508,0.43003231064747954
331,332,2.0271228204033878,2.1173656528278935,1.6656526861701035,0.3614701369455751,1.6872703503754178,0.43009531821234753
332,333,2.025697902099769,2.1172272868075614,1.6661023275009257,0.3595955776727732,1.6871839062642242,0.4300433934745142
333,334,2.0283249218820276,2.116324995331845,1.6651773681577502,0.3631475548585081,1.6871184510699773,0.4292065169851659
334,335,2.0243963816517043,2.115681522983616,1.665052577466907,0.3593438091162352,1.6869726504309703,0.4287088840694751
335,336,2.023030775328466,2.115393489094104,1.6654558999723843,0.35757486518088194,1.6870104830143815,0.4283830164852789
336,337,2.0270919271154555,2.1159442416692182,1.6649119580442973,0.3621799806435991,1.6867467415534845,0.429197532443677
337,338,2.0229679533479232,2.114779694605682,1.6647414758069963,0.35822646429179716,1.6866169254658585,0.4281627924765571
338,339,2.019728927538662,2.1140355118250445,1.6641196194631385,0.35560930763169407,1.6865390361365626,0.42749644447181184
339,340,2.0181901521335566,2.1132313582856774,1.6645135270648415,0.3536766223564243,1.6865026756868524,0.4267286736076161
340,341,2.0172958835606014,2.112253353959423,1.6651775148515864,0.3521183688733963,1.68651730852612,0.42573608705552957
341,342,2.018895571493537,2.113018810142905,1.6644172521828948,0.3544783183407928,1.686294175810733,0.4267246551432852
342,343,2.0144899575275015,2.1116441241765425,1.6643329228213395,0.35015704803748215,1.6862773527533321,0.42536675707768584
343,344,2.0170064631313234,2.1125193110967087,1.6644119285314174,0.352594534994421,1.6861601219338886,0.4263591905771676
344,345,2.018044668077699,2.1113271713256836,1.6637009263893419,0.3543437441540764,1.6860846567962129,0.42524250664953456
345,346,2.015175365047171,2.1092968940734864,1.6631772489884382,0.3519981168313245,1.6861261727446217,0.42317070587206695
346,347,2.014001359613443,2.1094108331001413,1.6636101396058847,0.3503912176569062,1.6859147108207315,0.42349610429699136
347,348,2.0123515281635163,2.109350767782179,1.6629939838726089,0.34935755859207723,1.6858033248933695,0.42354743248325283
348,349,2.0101720136104864,2.1068210609888625,1.6633353655468477,0.34683665578133877,1.6858196206012015,0.4210014493788703
349,350,2.009482473217185,2.1068162627139335,1.663099275526919,0.3463831926108853,1.685651649863033,0.42116455971184424
350,351,2.005425499344293,2.106747705653562,1.6627678034782936,0.3426576937619192,1.685534054546033,0.4212135681661509
351,352,2.0076377015710865,2.1053720296439478,1.6627627089742922,0.3448749983665763,1.6855264954647775,0.4198455158936775
352,353,2.008743531126642,2.1043550119561663,1.6629479439036332,0.34579558048337716,1.6853793382644653,0.41897561944137185
353,354,2.006592103281668,2.103038531642849,1.6621234555041928,0.344468648648696,1.685437915284755,0.41760062928927144
354,355,2.00150931479848,2.1029560687178273,1.6621489365062725,0.3393603741826764,1.685238077276844,0.4177179900266356
355,356,2.0047080960644585,2.103316525281486,1.6622178938529535,0.3424902028279349,1.6850954989255484,0.4182210162534552
356,357,2.0017257116804843,2.101546222880735,1.6613810545031826,0.34034464912262,1.685009719153582,0.41653644947682394
357,358,2.001178308343335,2.1005375757055766,1.6615853504916285,0.33959295785170657,1.6849324978004068,0.4156050559827837
358,359,1.9977793911840793,2.099886004399445,1.6609635675933172,0.33681581042382314,1.6849262302204715,0.41495975730782847
359,360,2.0016988598044514,2.0996387061426196,1.662058274981335,0.33964059016550696,1.6847905150914597,0.414848196102401
360,361,2.001726874316258,2.099273778624454,1.6612963419360347,0.340430530358334,1.6846404596910638,0.41463332004466297
361,362,1.9956573140732965,2.0978395365052305,1.6610699702019331,0.3345873336961634,1.6846597218917587,0.413179771879972
362,363,1.9997872712529303,2.0974454459497482,1.660685198581883,0.33910208766261846,1.6844621872497818,0.4129832095008785
363,364,1.996038308540761,2.0975509974916102,1.6603581141320896,0.3356801994880523,1.6843579918651257,0.4131929887553393
364,365,1.9933817666732865,2.0960426524534066,1.660555791999514,0.33282598055862156,1.6843576475725335,0.41168496214737327
365,366,1.9942663443134558,2.098483595605624,1.6604152392499432,0.33385110414297753,1.6842038978964595,0.41427964063014017
366,367,1.9931145449468461,2.0961593353142174,1.660042491264259,0.3330720670139073,1.6842087010205802,0.41195054236104933
367,368,1.9966934084958026,2.0947414705308818,1.6601650601122435,0.3365283392768372,1.6840413465338238,0.41070009530600854
368,369,1.991219291092609,2.0938351299803135,1.6598010226237596,0.331418264885338,1.6841985156980612,0.4096365406351574
369,370,1.9942086381407251,2.097439391734236,1.6606809027735463,0.3335277372082491,1.6839300107147734,0.4135093512171406
370,371,1.9883886022720294,2.0934477410074006,1.6596859436434932,0.32870266217917155,1.683882453886129,0.4095652961124808
371,372,1.9873718155462703,2.0933461140778107,1.6601106616849737,0.32726114666139755,1.6837213649588116,0.40962475417023997
372,373,1.9894816617707949,2.0921211525545282,1.6597498828248298,0.3297317710638835,1.6840032605801598,0.4081179178367227
373,374,1.9881003047640127,2.0915735907473807,1.6598242934211735,0.3282760121318693,1.6838411448365551,0.40773243550526894
374,375,1.9869769532182107,2.091484747902822,1.6590120239410358,0.3279649319894657,1.683730246657032,0.40775447396908776
375,376,1.982770435466861,2.091242598679106,1.6589092085917747,0.32386121186707734,1.683497227248499,0.4077453534481889
376,377,1.9850043494992011,2.0905005600492834,1.6582365736932434,0.32676777519774713,1.6832893282680188,0.40721126804917546
377,378,1.9870080913684673,2.090228680432853,1.6584502288930927,0.32855785632751555,1.683531298071651,0.40669738771551744
378,379,1.9847538575768404,2.0907681893494168,1.657886442727827,0.3268674238735447,1.6831691378254001,0.40759904647277573
379,380,1.9855200177848635,2.088966875561213,1.658185783894892,0.3273342366187006,1.6831027313814324,0.4058642037844254
380,381,1.9788529590158521,2.0884469266665184,1.658078458318379,0.32077449686738974,1.6830361152099351,0.4054107959997856
381,382,1.9783049836976714,2.088863477868549,1.6574365836904645,0.3208683970319061,1.6836905746136681,0.40517285799576064
382,383,1.9834152689574505,2.087976694915254,1.6580130514754028,0.3254022201121478,1.6828309164208881,0.40514574616642324
383,384,1.9798441688066284,2.088261558241763,1.6583053689600022,0.3215388048438163,1.6826918581784782,0.4055696921833491
384,385,1.9814404054563872,2.0880042876227427,1.6576967757509613,0.3237436339135862,1.6827318591586613,0.40527241553290416
385,386,1.9729323919741277,2.0878481194124383,1.6575060268823967,0.3154263642081817,1.6826780448525638,0.40517005627438174
386,387,1.977287474417647,2.0861452741138007,1.6571831157440253,0.3201043512189316,1.6826316922397937,0.4035135585372731
387,388,1.976071817863073,2.0853927345599157,1.6572216986557824,0.3188501217428716,1.6827843702445595,0.4026083330986863
388,389,1.9758673277074832,2.0853297322483386,1.6581344075842057,0.3177329195972575,1.6822640665506912,0.4030656502408496
389,390,1.974721631817047,2.08491988101248,1.6575706555444893,0.3171509756643471,1.6822175175456677,0.4027023581124968
390,391,1.9748567050159536,2.0852218046026714,1.6558640528566853,0.31899264927437737,1.681944321777861,0.4032774713079808
391,392,1.9716666437812884,2.087332555803202,1.656185380280248,0.3154812685968596,1.6818942377122783,0.405438276064598
392,393,1.970988906948723,2.0833205263493424,1.6568256120818527,0.3141632795465367,1.6821106320720607,0.40120993054519266
393,394,1.9709039457713577,2.0845525014198434,1.6559554980857163,0.31494844582813325,1.6815813820240861,0.4029711790004019
394,395,1.9721655000722416,2.082776965933331,1.6564545459137132,0.31571094876682304,1.6818199359764487,0.40095700803449597
395,396,1.9760983329547812,2.0837084455005193,1.655988217123424,0.3201101174094173,1.6816112712278204,0.4020971767983194
396,397,1.9675201053982339,2.085717055757167,1.6560389732564935,0.3114811339828104,1.681357329578723,0.40435973476555387
397,398,1.9707715862440391,2.0824575181734764,1.6559021477533584,0.3148694262935914,1.6813968557422443,0.401060663542505
398,399,1.969319047417617,2.083688997818252,1.655950943541277,0.3133681104680286,1.681158808126288,0.4025302000975205
399,400,1.9667012897960665,2.082031831094774,1.6545322063017864,0.31216909148320926,1.6811387203507504,0.4008931031671621
400,401,1.9708439071600568,2.081911584886454,1.6552097959802483,0.3156341205495402,1.6809513625452075,0.4009602586091575
401,402,1.9617894775487412,2.080126337277687,1.6549313839009239,0.30685808547806886,1.6807383218054044,0.3993880000154851
402,403,1.9629222035605278,2.079747840105477,1.6547178886769163,0.30820431102887086,1.680948545164981,0.3987992935261484
403,404,1.9622247450534507,2.0815189401982193,1.6533640070771618,0.30886074279265974,1.6804403499021368,0.40107862009840495
404,405,1.9663375866590649,2.088086066811772,1.6541409359015093,0.3121966456781746,1.6806420560610495,0.4074440290362148
405,406,1.9634922398300507,2.081958422418368,1.6551484874250872,0.3083437672157151,1.6803107532404238,0.4016476842306428
406,407,1.9645526979880903,2.078292156478106,1.653747996110911,0.31080470539493843,1.6802427663641462,0.39804943537307996
407,408,1.9612613852617167,2.076882877188214,1.6539330251034097,0.307328360289812,1.6804573273254653,0.39642557178513477
408,409,1.9657546314033303,2.0785498174570374,1.6542912935329548,0.3114633431634519,1.680343164831905,0.398206657979448
409,410,1.963534146202117,2.07790973146083,1.6537134521124577,0.3098206948869082,1.6798578783617182,0.3980519231093132
410,411,1.9614938115521288,2.0770954633163194,1.6539193214925691,0.3075744833528042,1.679909995854911,0.39718542796070294
411,412,1.959899494283711,2.0764521453340175,1.6532181884725647,0.3066813029344741,1.6795998524811309,0.3968522953785072
412,413,1.95406014289372,2.0755704160464012,1.6532000889123242,0.3008600520581352,1.679816530922712,0.3957538567357144
413,414,1.962158846184488,2.0760516748589986,1.6530973537811178,0.3090615027593896,1.6792900315785813,0.39676164045172224
414,415,1.9563096612445308,2.0808625237416414,1.6530272990908994,0.3032823698137981,1.6817817106085309,0.39908079878758573
415,416,1.961465354065703,2.0834736007755086,1.6519889145086828,0.3094764363104904,1.679181525666835,0.4042921120837583
416,417,1.9541849440392116,2.0740786019018143,1.6519252789066565,0.30225965181767317,1.6790358159501675,0.3950427895885403
417,418,1.9584804942314624,2.0735966181350967,1.6516025971130186,0.30687790458135294,1.678474894216505,0.39512177635047396
418,419,1.9543869371777138,2.0734176482184457,1.6519079598943895,0.3024789798147956,1.6784397492974492,0.39497795600002095
419,420,1.9565091576289553,2.0738553128000032,1.6512442165754542,0.3052649490301016,1.6783231537220842,0.3955321375596321
420,421,1.9527061272246102,2.0745059950877045,1.6511632335560793,0.30154290080267754,1.6787146685487133,0.3957912816839703
421,422,1.9530384740445472,2.0787254826497223,1.6513872143976345,0.3016512769891357,1.6778849302712133,0.4008405251018072
422,423,1.9512064295188538,2.0728865906343623,1.650693402392918,0.30051303296147036,1.6776075302544287,0.395279040275994
423,424,1.9538832178973258,2.0730097730280987,1.6511850901486396,0.3026981245925659,1.6777445987119513,0.39526522098961525
424,425,1.9520876761371762,2.0724020570011463,1.6512961035200857,0.3007915768088127,1.6773483640056546,0.3950536735987259
425,426,1.9519008279044,2.071600690938659,1.6507645039945036,0.3011363412521192,1.6764702287770934,0.39513042771210105
426,427,1.9483733655205762,2.072268181332087,1.650127308709281,0.29824604939770055,1.6779836707195994,0.3942845152596296
427,428,1.9650945662137098,2.0835305642273467,1.650354551401049,0.3147400229659714,1.6771109871945138,0.40641953177371265
428,429,1.9509928034473636,2.072206082586515,1.6498830174452945,0.30110978897736995,1.676177386106071,0.39602864475573524
429,430,1.9525591213270503,2.0721472497713767,1.6485671311271697,0.3039920037942109,1.6756918252524684,0.39645541734614614
430,431,1.9487183940916908,2.071310670497054,1.6482811648741784,0.30043722972709436,1.6754593449123836,0.3958513180078086
431,432,1.9473571038285606,2.0703390113377975,1.6486849755919972,0.29867211751890527,1.6750046572442783,0.3953343109559205
432,433,1.949177888106458,2.069598371699705,1.647806150243878,0.3013717437803055,1.6748822280916118,0.3947161475480613
433,434,1.9445248525969836,2.0699691530001365,1.647902328075129,0.29662252385611043,1.6745012679342497,0.3954678919355748
434,435,1.9451761191810486,2.0691213284508656,1.6473686612908247,0.29780745047662904,1.6743384623931625,0.3947828699976711
435,436,1.9413909742467914,2.0675484544139797,1.646126210064896,0.29526476996811596,1.6735352302001694,0.394013199462729
436,437,1.9449476700623392,2.0720387523457156,1.6465348138114857,0.2984128527495326,1.6737392647791718,0.3982995349471852
437,438,1.941521396902603,2.068407285011421,1.6456912880895944,0.29583010425964773,1.6731212361384247,0.39528610847764095
438,439,1.9386607328305505,2.069182453317157,1.645903550848669,0.29275717940109575,1.6733969785399356,0.3957854697259806
439,440,1.9394520734859577,2.0674730349395234,1.64467314594172,0.2947789256867295,1.6718296382386806,0.39564335679603835
440,441,1.9419965420516236,2.0677373554746983,1.6443077992551312,0.29768874061022155,1.6717322967820247,0.39600508243350657
441,442,1.9370215274455203,2.0663552793405824,1.6441419072001269,0.2928796222508447,1.6710305682683395,0.39532472471059377
442,443,1.93908885704899,2.0663073749865517,1.64251675161287,0.2965721082141632,1.6707405777300819,0.3955667207806797
443,444,1.9404691873304238,2.065951150958821,1.6435061405195561,0.29696303878906216,1.670149523929014,0.39580165683212926
444,445,1.9325565112209162,2.066635700807733,1.6420890007371476,0.2904675049934345,1.669575428154509,0.3970602730573234
445,446,1.9349990273731819,2.065487706459175,1.6415308934841377,0.2934681372999553,1.6692448454388118,0.39624283839080293
446,447,1.9391835413121152,2.064950508182332,1.6419153208240775,0.29726820937586435,1.6686807959766712,0.3962697140241073
447,448,1.9362172200018308,2.065360310926276,1.6410379062616818,0.2951793103292379,1.6684653128607798,0.3968949747287621
448,449,1.934405417055697,2.0656895960791637,1.6408313957289051,0.2935740264554873,1.6682570138220059,0.3974325804387109
449,450,1.9301565047856923,2.0639126842304814,1.6394079577114065,0.29074855378104125,1.6670890379760226,0.3968236559528415
450,451,1.9383737631285973,2.069690662319377,1.6390399859876048,0.29933378353542345,1.667875360230268,0.4018153254258431
451,452,1.9414825603834385,2.065434317669626,1.6375096757571077,0.30397288682903956,1.6675390768859346,0.39789525876610965
452,453,1.9283388298121988,2.0619091074345475,1.6374756845399547,0.2908631342751376,1.6655476735810102,0.39636144173347343
453,454,1.9258735275899779,2.0618797665935453,1.6349958395076862,0.29087768724394714,1.6648796800839698,0.3970001073206885
454,455,1.9242599892866132,2.06039003032749,1.6360534947022376,0.28820650051853897,1.6641775074651686,0.3962125533718174
455,456,1.9238095230906298,2.0602736416509595,1.634993281472275,0.28881623921838834,1.6637841176178496,0.39648956787788264
456,457,1.9235875041065331,2.059598972837804,1.63363850596723,0.28994899810642677,1.6631693512706434,0.396429628032749
457,458,1.9262725541556138,2.0595846741886463,1.6335238008557007,0.2927487567190432,1.6625972505343163,0.3969874135518478
458,459,1.9201169655721488,2.059844257063785,1.6325994240139574,0.2875175472046878,1.6626696303739386,0.39717463749950216
459,460,1.9208376519402548,2.0591556791531835,1.6323483108619399,0.28848935119598135,1.6617579637947728,0.39739771394406337
460,461,1.9212542317943289,2.059132204217426,1.631462022275867,0.28979219502003495,1.6611170376761486,0.3980151877564899
461,462,1.9220067267909737,2.0585102671283786,1.6314066801029086,0.2906000446661756,1.6605488918595395,0.39796136163048823
462,463,1.9202118317066998,2.057288779242564,1.6307089171617384,0.28950291257238625,1.6595834267341485,0.39770534099158594
463,464,1.9149533651576014,2.05760627197007,1.6274328410658334,0.2875205255876374,1.6591774629334273,0.39842880186388047
464,465,1.9160749675552948,2.057697264622834,1.628062964011738,0.2880120007490757,1.6595875113697376,0.3981097830554186
465,466,1.9104168618244817,2.0562664912918867,1.6263207291215411,0.28409614011653533,1.658029119038986,0.3982373646760391
466,467,1.9099664927449467,2.0557532585273353,1.6250002289502186,0.28496626192078167,1.6574978610216562,0.39825537305767256
467,468,1.9118400075721005,2.0553596165220616,1.6235459334799025,0.288294079574313,1.6566248449228578,0.39873477018485637
468,469,1.9064830102383992,2.057635537648605,1.6231354718963151,0.2833475305010979,1.6562501289076725,0.40138544177604935
469,470,1.9041318281934332,2.0547479839648233,1.622543103906639,0.2815887258319781,1.6549235299482183,0.3998243843094777
470,471,1.9059473082168419,2.0531416359594314,1.620922343874267,0.2850249657069394,1.653806120662366,0.3993355439881147
471,472,1.9037019627829381,2.0545880131802314,1.62007584929532,0.2836261056959465,1.6537113060385493,0.400876707848856
472,473,1.9016149785067584,2.053068153736955,1.6191634527570427,0.2824515252236957,1.6530797497700838,0.3999883935613147
473,474,1.9011585993853577,2.0602580466512905,1.617533524655796,0.2836250662310506,1.654184977078842,0.4060730358301583
474,475,1.9028898319090788,2.0522227998507225,1.6183426154626381,0.2845472279695668,1.6503758818416272,0.4018468792155638
475,476,1.8969652811861537,2.0552344799041746,1.6153354917648282,0.28162980222662576,1.6528325848660226,0.40240189180535785
476,477,1.8961647581278258,2.052462834018772,1.6135389288682933,0.282625829045837,1.6504589581893663,0.40200388118372127
477,478,1.8988623169989989,2.050461897607577,1.6139012433124127,0.2849610786755573,1.6481373467687832,0.40232459104667273
478,479,1.8953223465163604,2.0500495579283116,1.6123702131577506,0.28295213288190413,1.6476122666213473,0.4024373010053473
479,480,1.8909530417404974,2.0493894560862396,1.6106749408099117,0.2802781116153677,1.6469149848162117,0.40247450501231824
480,481,1.8922878224351296,2.0472941002603307,1.6081417064540504,0.28414610983322025,1.6459451279397739,0.40134890231035525
481,482,1.8940491642139263,2.046099060672825,1.6094093341164608,0.2846398358343717,1.6443755852974067,0.40172351093615516
482,483,1.8778267351225209,2.047131408271143,1.6054083776947417,0.2724183596633642,1.6446465007329392,0.4024849010726153
483,484,1.8906079566222294,2.0459415015527758,1.6066060975580274,0.2840018624340179,1.6433642403554107,0.402577283826925
484,485,1.8853788628344108,2.045744595285189,1.6045865576634142,0.2807922993519,1.6436589447118468,0.4020856746172501
485,486,1.8819991484309058,2.0461004887597034,1.603615920844817,0.27838323056138947,1.6433538986464677,0.40274658829478893
486,487,1.8925996015430877,2.0462198790857347,1.6000563558530096,0.29254325138588866,1.641397178375115,0.4048226734339181
487,488,1.884139941531653,2.046505452010591,1.6007312121341324,0.2834087328166509,1.6434567512091944,0.40304872454222984
488,489,1.8794439819986097,2.041846998667313,1.5993317460329968,0.2801122293903626,1.6403793060173422,0.4014677210379455
489,490,1.8755030902261833,2.042823919199281,1.5978438651042293,0.277659233710875,1.6400725518242787,0.4027514119269484
490,491,1.8736887004450415,2.0417331986508125,1.5960250503110807,0.27766365486814115,1.637925043752638,0.4038081617678626
491,492,1.8703884439315839,2.042082902940653,1.5965206944607138,0.27386775244617095,1.63901562044176,0.4030672275413901
492,493,1.8714496811252894,2.0420230016870016,1.5941864388198137,0.2772632276262293,1.6366251343387668,0.40539782673625624
493,494,1.872971250415177,2.038641456022101,1.5945404204491154,0.2784308185580023,1.6345696635165456,0.4040718370575016
494,495,1.8744513703129007,2.0367736638602563,1.594603103363113,0.2798482615252062,1.633251903824887,0.40352173629453625
495,496,1.8737630191193848,2.0381246259657004,1.591312388261247,0.28245062467740245,1.635904346078129,0.4022202579651849
496,497,1.8624457500944858,2.0372616832539188,1.5894705710066528,0.27297517912892827,1.6347787412546448,0.40248295634479847
497,498,1.87167793647137,2.038952767646919,1.589086333559944,0.28259160199910976,1.6368891008829667,0.40206363231448805
498,499,1.870332486183684,2.0354299908977445,1.5888976194026125,0.2814348636167324,1.632489871170561,0.4029401100288003
499,500,1.8689297652021009,2.0406040943275063,1.587914353566346,0.28101542255067063,1.6333449783971754,0.4072591309830294
500,501,1.864858265483307,2.0337441024133716,1.588987340666744,0.275870936964338,1.6296500270649539,0.4040940868652473
501,502,1.8607791921938577,2.0383066928992837,1.5828485230484262,0.2779306654632913,1.6326884087869677,0.40561826724117084
502,503,1.8661499298282966,2.0364711389703265,1.586305588039981,0.2798443502046361,1.6328159873768435,0.4036551422991995
503,504,1.8590582889939828,2.0324107372154625,1.5825508472607797,0.27650744151539786,1.6275823924501063,0.404828326075764
504,505,1.8569841349381344,2.032194774433718,1.5813726207135597,0.2756115224107615,1.6287766044422731,0.40341812584359765
505,506,1.8569872163634766,2.0299131280284817,1.5809736030902641,0.2760136218703523,1.626349701719769,0.40356337246248275
506,507,1.8507423179950493,2.0278809700982046,1.5797677835705395,0.270974531449209,1.6234340154518516,0.40444696505190963
507,508,1.8539568175285874,2.0295693890523103,1.5786024143994348,0.27535440904687797,1.625894005015745,0.4036753452430337
508,509,1.8532111431706761,2.0294754254615914,1.5780773600753473,0.27513379430613066,1.625556822954598,0.40391856553190847
509,510,1.8589160717197761,2.0370068113682636,1.5758865862608087,0.2830294920342178,1.6296441615638086,0.40736262899334147
510,511,1.8545366806413217,2.0270387439404502,1.5762571846656357,0.2782794872963553,1.6234269247216693,0.40361182750281643
511,512,1.8461365157967435,2.0280128511331847,1.5752364733044244,0.27090003996084755,1.625718802112644,0.4022940051757683
512,513,1.8493383056342898,2.027088476439654,1.573382838812574,0.2759554636162812,1.624042812444396,0.4030456334857617
513,514,1.8441836978609365,2.026233716738426,1.5720010896578587,0.2721826118523418,1.623188162254075,0.4030455558986987
514,515,1.8430008626549663,2.026455291651063,1.5747514001190892,0.2682494593797569,1.6230956994881065,0.4033596284308676
515,516,1.8396919560708596,2.024172377990464,1.5710155571355258,0.26867640292157935,1.6183460065874002,0.40582638221271966
516,517,1.8453774037311172,2.027057715593758,1.571583130447758,0.27379427520662003,1.6226282382415513,0.40442945936978875
517,518,1.8413933458344027,2.023112271195751,1.570956199194145,0.2704371438786527,1.6231890682446755,0.39992323598619234
518,519,1.8444730673977767,2.0264972589783747,1.5703210194204238,0.27415205146223554,1.621465365361359,0.4050318624003459
519,520,1.842769217833063,2.0274132663920774,1.5679765987054328,0.274792627453541,1.6215886487799176,0.40582461437936557
520,521,1.841707426016987,2.0223459162954556,1.5682164137362118,0.2734910219217359,1.6166384381763006,0.405707432860035
521,522,1.8376263554294794,2.0242168927596786,1.5665463279507401,0.27108003380741785,1.6188635583651267,0.40535333722324696
522,523,1.8402667046908312,2.0223692417144776,1.565955417431065,0.27431128701319435,1.6164350339921854,0.405934198731083
523,524,1.8374555665225005,2.022649309998852,1.5677829021521188,0.2696726656854317,1.616865873336792,0.40578342484215557
524,525,1.8357468224071496,2.021865442243673,1.5651598582265132,0.27058696277517674,1.6172164674532616,0.40464897984165255
525,526,1.8338699561748726,2.0223004809880663,1.5604980843407767,0.27337187318202216,1.6174699468127751,0.4048305496320886
526,527,1.8354894348882012,2.0223261041156317,1.562127932158216,0.27336149760128975,1.6176257727509837,0.4047003374261371
527,528,1.8348728352597716,2.021574770394018,1.562263104577651,0.2726097287095454,1.6136798474748255,0.407894880185693
528,529,1.827411752475669,2.020020286107467,1.562631279147927,0.26478047073873706,1.6142146506551969,0.40580566818431274
529,530,1.828572355905292,2.018684749279992,1.5605764079343794,0.267995940643618,1.6131972042180724,0.4054875705201747
530,531,1.827356968015449,2.024200856483589,1.5585816523283145,0.26877531148719314,1.6164023775165364,0.40779849048388206
531,532,1.8297464414913223,2.0212386616205764,1.5625222305270499,0.26722420560544324,1.6154773041353387,0.4057613427356138
532,533,1.826785284974466,2.0223526889994994,1.5575649581163282,0.26922032471296214,1.61865586709168,0.4036967680615894
533,534,1.8244563301689245,2.0224335072404247,1.5570834810669358,0.2673728502362194,1.6169854099467649,0.40544806819851115
534,535,1.832987475250547,2.0146674891649665,1.5580162129478434,0.2749712648999277,1.6124686511896424,0.4021988494921539
535,536,1.8229378361236437,2.0175601522801285,1.555533902065174,0.2674039243435373,1.612612993434324,0.4049470981298867
536,537,1.823015537369797,2.0206265546507756,1.5569051560682285,0.2661103876055898,1.615717587632648,0.40490899358765553
537,538,1.821968624424816,2.0206446518332273,1.554872432336318,0.26709619051865696,1.6155105885812793,0.4051340736575046
538,539,1.8269229406029628,2.0182696277812378,1.5552392241314374,0.27168372243034594,1.608674212229454,0.4095954123189894
539,540,1.8211319432755695,2.0164404788259733,1.554573790184122,0.2665581493599929,1.6166611194610596,0.3997793715889171
540,541,1.8197120355100047,2.0202641462875626,1.5547696075186963,0.26494243086798047,1.6126748654801968,0.4075892729274297
541,542,1.8256540444432472,2.0248617851128015,1.5580193578901043,0.2676346864051998,1.6144847615290496,0.41037701822943606
542,543,1.8175495582197623,2.0227551791627527,1.5543407768553552,0.26320878092057787,1.6146332587225962,0.40812189669932347
543,544,1.8272402567950257,2.030008249767756,1.5583730509316664,0.26886721189615154,1.6192246332006939,0.4107835659536265
544,545,1.813541774912822,2.022671381093688,1.5516330461375831,0.26190872501090817,1.6147258455470457,0.4079455796944893
545,546,1.8179992715495763,2.021083697626146,1.5546835023792684,0.26331576685253194,1.615756251448292,0.4053274756771023
